precision,recall,threshold
0.48899521531100476,1.0,0.009775230348776713
0.48946360153256707,1.0,0.010016178898814673
0.4899328859060403,1.0,0.01008165200552692
0.4904030710172745,1.0,0.01009650938572397
0.4908741594620557,1.0,0.010136616387954123
0.4913461538461538,1.0,0.010151919280049779
0.4918190567853705,1.0,0.010368825139240668
0.49229287090558765,1.0,0.010369816200406327
0.4927675988428158,1.0,0.010434129003290448
0.49324324324324326,1.0,0.010549100418442463
0.49371980676328503,1.0,0.01055620400135804
0.4941972920696325,1.0,0.010575224177013651
0.494675701839303,1.0,0.0107618933343107
0.4951550387596899,1.0,0.010882060844155779
0.495635305528613,1.0,0.010952638247976635
0.4961165048543689,1.0,0.010984537539893166
0.4965986394557823,1.0,0.01098503411895006
0.4970817120622568,1.0,0.011126791158113977
0.49756572541382665,1.0,0.011127092699370742
0.4980506822612086,1.0,0.011213402652091404
0.49853658536585366,1.0,0.011234089114724354
0.4990234375,1.0,0.011267260774231637
0.4995112414467253,1.0,0.011402759828449337
0.5,1.0,0.011423518402035844
0.5004897159647405,1.0,0.011456599231935618
0.5009803921568627,1.0,0.011489282565870123
0.5014720314033366,1.0,0.01151206655782853
0.5019646365422397,1.0,0.011525906611675484
0.5024582104228122,1.0,0.011542518078843737
0.5029527559055118,1.0,0.01156970516215241
0.503448275862069,1.0,0.011648788084325973
0.5039447731755424,1.0,0.011652473080110163
0.5044422507403751,1.0,0.011679273870986369
0.5049407114624506,1.0,0.011694450013183895
0.5054401582591493,1.0,0.011700837257620209
0.505940594059406,1.0,0.011712546857153255
0.5064420218037661,1.0,0.011737215188405935
0.5069444444444444,1.0,0.011743276108279478
0.5074478649453823,1.0,0.011750464941595231
0.5079522862823062,1.0,0.01176118394904831
0.5084577114427861,1.0,0.011762792507472466
0.5089641434262948,1.0,0.011766200359304821
0.5094715852442672,1.0,0.011789566079638844
0.5099800399201597,1.0,0.011801917979332974
0.5104895104895105,1.0,0.011803376623361868
0.511,1.0,0.01181558883327552
0.5115115115115115,1.0,0.011827813025798262
0.5120240480961924,1.0,0.011889731611132234
0.5125376128385155,1.0,0.011913103738717472
0.5130522088353414,1.0,0.011937596039855126
0.5135678391959799,1.0,0.011956074145471061
0.5140845070422535,1.0,0.011968697080706196
0.5146022155085599,1.0,0.012016102996158401
0.5151209677419355,1.0,0.012131204460665106
0.515640766902119,1.0,0.012192134915969297
0.5161616161616162,1.0,0.012230439610074549
0.5166835187057633,1.0,0.012249075819038857
0.5172064777327935,1.0,0.012281505688390832
0.5177304964539007,1.0,0.012304486500582884
0.5182555780933062,1.0,0.012318960436876716
0.5187817258883248,1.0,0.012322284087926298
0.5193089430894309,1.0,0.012369087008003007
0.5198372329603256,1.0,0.012386151142621737
0.5203665987780041,1.0,0.0123922815742062
0.5208970438328236,1.0,0.012396652320753702
0.5214285714285715,1.0,0.012405808224840624
0.5219611848825332,1.0,0.012415318472341036
0.5224948875255624,1.0,0.0124234226388051
0.5230296827021494,1.0,0.012450611265192223
0.5235655737704918,1.0,0.012467874870109306
0.5241025641025641,1.0,0.012506859516801605
0.5246406570841889,1.0,0.012507220147772686
0.5251798561151079,1.0,0.012512869375444474
0.5257201646090535,1.0,0.01253469829631925
0.5262615859938208,1.0,0.012535311004125901
0.5268041237113402,1.0,0.012550257076228463
0.5273477812177503,1.0,0.012559763989169867
0.5278925619834711,1.0,0.012560633705861945
0.5284384694932782,1.0,0.012569014504630577
0.5289855072463768,1.0,0.012579616592532747
0.5295336787564767,1.0,0.012581644006055631
0.5300829875518672,1.0,0.01259188632239412
0.5306334371754933,1.0,0.01259536244053178
0.5311850311850311,1.0,0.01261046539737603
0.5317377731529657,1.0,0.012632696769811285
0.5322916666666667,1.0,0.012645780887086734
0.5328467153284672,1.0,0.012682310376403725
0.5334029227557411,1.0,0.012716631459974937
0.5339602925809822,1.0,0.01271760070302863
0.5345188284518828,1.0,0.012756556526642551
0.5350785340314136,1.0,0.012758575828494016
0.5356394129979035,1.0,0.012794754050843052
0.5362014690451207,1.0,0.012803237681274766
0.5367647058823529,1.0,0.01280790165139933
0.53732912723449,1.0,0.012809473424708777
0.5378947368421053,1.0,0.01281048486556756
0.5384615384615384,1.0,0.012838032443358507
0.5390295358649789,1.0,0.012863507643824823
0.5395987328405492,1.0,0.012869143579356836
0.540169133192389,1.0,0.012881118444322093
0.5407407407407407,1.0,0.0128837934380641
0.5413135593220338,1.0,0.012899837516713131
0.5418875927889714,1.0,0.012907719629958847
0.5424628450106157,1.0,0.012926647523871187
0.5430393198724761,1.0,0.012942299186520748
0.5436170212765957,1.0,0.012944284983236068
0.54419595314164,1.0,0.012953431620582158
0.5447761194029851,1.0,0.012985580770110833
0.5453575240128068,1.0,0.012996627381666685
0.5459401709401709,1.0,0.013022110700442562
0.546524064171123,1.0,0.01302523025499286
0.5471092077087795,1.0,0.013058648396064906
0.5476956055734191,1.0,0.013077826287887343
0.5482832618025751,1.0,0.013094647539127863
0.5488721804511278,1.0,0.013096643441027954
0.5494623655913978,1.0,0.013107170729266752
0.55005382131324,1.0,0.01312700742169889
0.5506465517241379,1.0,0.01312988716084388
0.5512405609492989,1.0,0.013130548607713621
0.5518358531317494,1.0,0.013133118224402753
0.5524324324324325,1.0,0.013137130309980838
0.553030303030303,1.0,0.013210248288206512
0.5536294691224268,1.0,0.013229059530910848
0.5542299349240781,1.0,0.013235205446159318
0.5548317046688382,1.0,0.01325564987588501
0.5554347826086956,1.0,0.01331702864574832
0.5560391730141458,1.0,0.013319989740773978
0.5566448801742919,1.0,0.013320143626093283
0.5572519083969466,1.0,0.013328708063116368
0.5578602620087336,1.0,0.013360923614618278
0.5584699453551912,1.0,0.01336358410653341
0.5590809628008753,1.0,0.013366762708184042
0.5596933187294633,1.0,0.013396657429406194
0.5603070175438597,1.0,0.01345162577266102
0.5609220636663008,1.0,0.013455996456727588
0.5615384615384615,1.0,0.013479231176511034
0.5621562156215621,1.0,0.01353395473407445
0.5627753303964758,1.0,0.013542369941375568
0.5633958103638368,1.0,0.013560830003136928
0.5640176600441501,1.0,0.013602279164648463
0.5646408839779006,1.0,0.013637834190471562
0.5652654867256637,1.0,0.013693437923970079
0.5658914728682171,1.0,0.013771094574189204
0.5665188470066519,1.0,0.0137757848506217
0.5671476137624861,1.0,0.013786529544374133
0.5677777777777778,1.0,0.01378779489067789
0.5684093437152391,1.0,0.013817658974388641
0.5690423162583519,1.0,0.013849141179391303
0.5696767001114827,1.0,0.013850865790218686
0.5703125,1.0,0.013880329516835425
0.5709497206703911,1.0,0.013881052159056287
0.5715883668903803,1.0,0.01388743800473161
0.5722284434490481,1.0,0.013901131007523064
0.5728699551569507,1.0,0.013902008882173897
0.5735129068462402,1.0,0.013907273156285592
0.5741573033707865,1.0,0.013921029256388195
0.5748031496062992,1.0,0.01392309768712907
0.5754504504504504,1.0,0.013931901920760523
0.5760992108229989,1.0,0.01393223601614287
0.5767494356659142,1.0,0.013950947572347378
0.5774011299435028,1.0,0.01395542905339066
0.5780542986425339,1.0,0.013964000990331233
0.578708946772367,1.0,0.013976529911597634
0.5793650793650794,1.0,0.013979944290224889
0.5800227014755959,1.0,0.014003696530726863
0.5795454545454546,0.9980430528375733,0.01400691258296378
0.5802047781569966,0.9980430528375733,0.01401462055579624
0.5808656036446469,0.9980430528375733,0.014019039494366312
0.5815279361459521,0.9980430528375733,0.014037446971773466
0.5821917808219178,0.9980430528375733,0.014080655380767764
0.5828571428571429,0.9980430528375733,0.014088732911534828
0.5835240274599542,0.9980430528375733,0.01409014065123467
0.584192439862543,0.9980430528375733,0.01409075697798193
0.5848623853211009,0.9980430528375733,0.014130005816380412
0.5855338691159586,0.9980430528375733,0.014131592823535828
0.5862068965517241,0.9980430528375733,0.01414024436633423
0.5868814729574223,0.9980430528375733,0.014142599470504913
0.5875576036866359,0.9980430528375733,0.014144946597084318
0.5882352941176471,0.9980430528375733,0.014172605035040496
0.5889145496535797,0.9980430528375733,0.014183815278071969
0.5895953757225434,0.9980430528375733,0.014186556867067034
0.5902777777777778,0.9980430528375733,0.014193317832500782
0.5909617612977984,0.9980430528375733,0.014204785563782463
0.5916473317865429,0.9980430528375733,0.014223042050175681
0.5923344947735192,0.9980430528375733,0.014223142195885484
0.5930232558139535,0.9980430528375733,0.014234511145231782
0.5937136204889406,0.9980430528375733,0.014240079893913496
0.5944055944055944,0.9980430528375733,0.014255600956824358
0.5950991831971996,0.9980430528375733,0.014266536051652038
0.5957943925233645,0.9980430528375733,0.014292129967236212
0.5964912280701754,0.9980430528375733,0.014313344554020705
0.5971896955503513,0.9980430528375733,0.014324422016022504
0.5978898007033998,0.9980430528375733,0.014336067916153597
0.5985915492957746,0.9980430528375733,0.014354148344913558
0.599294947121034,0.9980430528375733,0.014360997633706964
0.6,0.9980430528375733,0.014365792148841936
0.6007067137809188,0.9980430528375733,0.014375092943667756
0.6014150943396226,0.9980430528375733,0.014376797156920956
0.602125147579693,0.9980430528375733,0.0143937013048649
0.6028368794326241,0.9980430528375733,0.014394270926447163
0.6035502958579881,0.9980430528375733,0.014395747776198831
0.6042654028436019,0.9980430528375733,0.014412500299804386
0.604982206405694,0.9980430528375733,0.014415655419376264
0.6057007125890737,0.9980430528375733,0.014419408125651222
0.6064209274673008,0.9980430528375733,0.014433438004505073
0.6071428571428571,0.9980430528375733,0.014434186916467202
0.6078665077473182,0.9980430528375733,0.014450056427294277
0.6085918854415274,0.9980430528375733,0.014456361491820696
0.6093189964157706,0.9980430528375733,0.014456857671327613
0.6100478468899522,0.9980430528375733,0.014476826980734927
0.6107784431137725,0.9980430528375733,0.01448797256368952
0.6115107913669064,0.9980430528375733,0.014499493334894354
0.6122448979591837,0.9980430528375733,0.01450043417279529
0.6129807692307693,0.9980430528375733,0.014501584100675681
0.6137184115523465,0.9980430528375733,0.014501640586078578
0.6144578313253012,0.9980430528375733,0.014514788255283082
0.6151990349819059,0.9980430528375733,0.014544193497447358
0.6159420289855072,0.9980430528375733,0.014551523724305928
0.6166868198307134,0.9980430528375733,0.014571370757043692
0.6174334140435835,0.9980430528375733,0.014575972343966133
0.6181818181818182,0.9980430528375733,0.014586929850746517
0.6189320388349514,0.9980430528375733,0.014642138770479237
0.6196840826245443,0.9980430528375733,0.014644431493867937
0.6204379562043796,0.9980430528375733,0.014655280489760848
0.6211936662606578,0.9980430528375733,0.014667613338612951
0.6219512195121951,0.9980430528375733,0.014673403751236833
0.6227106227106227,0.9980430528375733,0.014684647666294228
0.6234718826405868,0.9980430528375733,0.014689194914054567
0.6242350061199511,0.9980430528375733,0.01469082323733061
0.625,0.9980430528375733,0.014716307618919474
0.6257668711656442,0.9980430528375733,0.014722289118858013
0.6265356265356266,0.9980430528375733,0.014746914743923057
0.6273062730627307,0.9980430528375733,0.01475031916214282
0.6280788177339901,0.9980430528375733,0.014763813795830617
0.6288532675709001,0.9980430528375733,0.014766871646389387
0.6296296296296297,0.9980430528375733,0.01478908239390061
0.630407911001236,0.9980430528375733,0.014792446350151506
0.6311881188118812,0.9980430528375733,0.014798445329748547
0.6319702602230484,0.9980430528375733,0.014801942233301828
0.6327543424317618,0.9980430528375733,0.01481864070181997
0.6335403726708074,0.9980430528375733,0.014836256571925558
0.6343283582089553,0.9980430528375733,0.014847864378205546
0.635118306351183,0.9980430528375733,0.014855678460493156
0.6359102244389028,0.9980430528375733,0.014871901095105907
0.6367041198501873,0.9980430528375733,0.014871925195353608
0.6375,0.9980430528375733,0.014916604189742376
0.6382978723404256,0.9980430528375733,0.01495257952372257
0.6390977443609023,0.9980430528375733,0.014953430576658511
0.6398996235884568,0.9980430528375733,0.014975005261809718
0.6407035175879398,0.9980430528375733,0.014984025372394587
0.6415094339622641,0.9980430528375733,0.01499097537235879
0.6423173803526449,0.9980430528375733,0.014995906604171813
0.6431273644388399,0.9980430528375733,0.01501175470641438
0.6439393939393939,0.9980430528375733,0.015032596879467376
0.6447534766118836,0.9980430528375733,0.015033215305619877
0.6455696202531646,0.9980430528375733,0.01503709305249815
0.6463878326996197,0.9980430528375733,0.015041296895638698
0.6472081218274112,0.9980430528375733,0.015072109028182555
0.6480304955527318,0.9980430528375733,0.015073938182935578
0.648854961832061,0.9980430528375733,0.015100587018760043
0.6496815286624203,0.9980430528375733,0.015130055828754837
0.6505102040816326,0.9980430528375733,0.015154264980213827
0.6513409961685823,0.9980430528375733,0.01516053104561663
0.6521739130434783,0.9980430528375733,0.015173669072068933
0.6530089628681178,0.9980430528375733,0.015175234951844956
0.6538461538461539,0.9980430528375733,0.01518954984558899
0.6546854942233633,0.9980430528375733,0.015189913049627905
0.6555269922879178,0.9980430528375733,0.015202107018118532
0.6563706563706564,0.9980430528375733,0.0152273386869177
0.6572164948453608,0.9980430528375733,0.015235521032162082
0.6580645161290323,0.9980430528375733,0.01523851229856098
0.6589147286821705,0.9980430528375733,0.015239294652149115
0.6597671410090556,0.9980430528375733,0.015242775921957556
0.6606217616580311,0.9980430528375733,0.015260677656767798
0.6614785992217899,0.9980430528375733,0.015294365579386952
0.6623376623376623,0.9980430528375733,0.015299063936258883
0.6631989596879063,0.9980430528375733,0.015313529138493301
0.6640625,0.9980430528375733,0.015323239378631115
0.6649282920469362,0.9980430528375733,0.015326833901862876
0.6657963446475196,0.9980430528375733,0.015327457181548673
0.6666666666666666,0.9980430528375733,0.015353717655317551
0.6675392670157068,0.9980430528375733,0.015394888029695636
0.6684141546526867,0.9980430528375733,0.015417021670533304
0.6692913385826772,0.9980430528375733,0.015441665850424594
0.6701708278580815,0.9980430528375733,0.01545058724114448
0.6710526315789473,0.9980430528375733,0.015452330183683737
0.6719367588932806,0.9980430528375733,0.015480317210016076
0.6728232189973615,0.9980430528375733,0.015512931724082992
0.6737120211360634,0.9980430528375733,0.015521088759611256
0.6746031746031746,0.9980430528375733,0.01553832406134787
0.6754966887417219,0.9980430528375733,0.015549444675875015
0.6763925729442971,0.9980430528375733,0.015584466161282326
0.6772908366533864,0.9980430528375733,0.015601166262458086
0.6781914893617021,0.9980430528375733,0.015601484484172975
0.6790945406125166,0.9980430528375733,0.01560962079319445
0.68,0.9980430528375733,0.01563000833256153
0.6809078771695594,0.9980430528375733,0.015655007388312454
0.6818181818181818,0.9980430528375733,0.015663726882580907
0.6827309236947792,0.9980430528375733,0.01566968101509153
0.6836461126005362,0.9980430528375733,0.01567754446667934
0.6845637583892618,0.9980430528375733,0.015683861011158835
0.6854838709677419,0.9980430528375733,0.015717708090293086
0.6864064602960969,0.9980430528375733,0.015721262456180274
0.6873315363881402,0.9980430528375733,0.01573001531822547
0.6882591093117408,0.9980430528375733,0.015771235991592067
0.6891891891891891,0.9980430528375733,0.015837192265704986
0.6901217861975643,0.9980430528375733,0.015858789372528943
0.6910569105691057,0.9980430528375733,0.01589458545062836
0.6919945725915875,0.9980430528375733,0.01592390841925963
0.6929347826086957,0.9980430528375733,0.01593641089311582
0.6938775510204082,0.9980430528375733,0.01596150773666865
0.6948228882833788,0.9980430528375733,0.015967515366043995
0.6957708049113234,0.9980430528375733,0.015991466775186862
0.6967213114754098,0.9980430528375733,0.015993240952605067
0.6976744186046512,0.9980430528375733,0.016044523447420272
0.6986301369863014,0.9980430528375733,0.01609414961294505
0.6995884773662552,0.9980430528375733,0.01610153955485961
0.7005494505494505,0.9980430528375733,0.016137831843881335
0.7015130674002751,0.9980430528375733,0.016145771717120373
0.7024793388429752,0.9980430528375733,0.016187863725942817
0.7034482758620689,0.9980430528375733,0.016193468138755735
0.7044198895027625,0.9980430528375733,0.01621187995778441
0.7053941908713693,0.9980430528375733,0.01621938640797248
0.7063711911357341,0.9980430528375733,0.01625397851424472
0.7073509015256588,0.9980430528375733,0.016275900879300087
0.7083333333333334,0.9980430528375733,0.016301578852066668
0.7093184979137691,0.9980430528375733,0.016305448006648356
0.7103064066852368,0.9980430528375733,0.016435544356190893
0.7112970711297071,0.9980430528375733,0.0164502461896466
0.7122905027932961,0.9980430528375733,0.016476169382000055
0.7132867132867133,0.9980430528375733,0.016515060011858495
0.7142857142857143,0.9980430528375733,0.016520398538645824
0.7152875175315568,0.9980430528375733,0.01652047459842189
0.7162921348314607,0.9980430528375733,0.016571653374063047
0.7172995780590717,0.9980430528375733,0.016573970365618803
0.7183098591549296,0.9980430528375733,0.016622021531151266
0.7193229901269393,0.9980430528375733,0.01663385096975857
0.7203389830508474,0.9980430528375733,0.016641168171780827
0.7213578500707214,0.9980430528375733,0.016655891201788068
0.7223796033994334,0.9980430528375733,0.01665694766401871
0.723404255319149,0.9980430528375733,0.01666756838866934
0.7244318181818182,0.9980430528375733,0.01667372770639037
0.7254623044096729,0.9980430528375733,0.016734146719419127
0.7264957264957265,0.9980430528375733,0.016735460531267055
0.7275320970042796,0.9980430528375733,0.01674195117194069
0.7285714285714285,0.9980430528375733,0.016792650404134416
0.7296137339055794,0.9980430528375733,0.016802858858177925
0.7306590257879656,0.9980430528375733,0.016853758468811566
0.7317073170731707,0.9980430528375733,0.016917721953066175
0.7327586206896551,0.9980430528375733,0.01693028833664722
0.7338129496402878,0.9980430528375733,0.016994926983518933
0.7348703170028819,0.9980430528375733,0.01700219719835696
0.7359307359307359,0.9980430528375733,0.017023447037187556
0.7369942196531792,0.9980430528375733,0.017213538305101486
0.7380607814761215,0.9980430528375733,0.01723474765154448
0.7391304347826086,0.9980430528375733,0.017276817884454083
0.7402031930333817,0.9980430528375733,0.017316069752307
0.7412790697674418,0.9980430528375733,0.01738081922755687
0.74235807860262,0.9980430528375733,0.017414290003850943
0.7434402332361516,0.9980430528375733,0.017416739901217594
0.7445255474452555,0.9980430528375733,0.017448675423680143
0.7456140350877193,0.9980430528375733,0.01745224622831666
0.746705710102489,0.9980430528375733,0.017463859951370654
0.7478005865102639,0.9980430528375733,0.017475754550647107
0.748898678414097,0.9980430528375733,0.017504600400463668
0.75,0.9980430528375733,0.0177885910124493
0.7511045655375552,0.9980430528375733,0.017844630039686466
0.7522123893805309,0.9980430528375733,0.01786200520916471
0.7533234859675036,0.9980430528375733,0.017873968446305875
0.7544378698224852,0.9980430528375733,0.01796778261343009
0.7555555555555555,0.9980430528375733,0.01805282008265551
0.755192878338279,0.9960861056751468,0.018053317227610468
0.7563150074294205,0.9960861056751468,0.018151738899125015
0.7574404761904762,0.9960861056751468,0.01818313720557546
0.7570789865871833,0.9941291585127201,0.018202924965300224
0.7582089552238805,0.9941291585127201,0.018312666875819967
0.7593423019431988,0.9941291585127201,0.018431252529669855
0.7604790419161677,0.9941291585127201,0.018505460340733092
0.7616191904047976,0.9941291585127201,0.018740669638474605
0.7627627627627628,0.9941291585127201,0.018826158261410784
0.7639097744360902,0.9941291585127201,0.018833221604583485
0.7650602409638554,0.9941291585127201,0.018875212285909583
0.7662141779788839,0.9941291585127201,0.01892614663697163
0.7658610271903323,0.9921722113502935,0.01898091096620837
0.7670196671709532,0.9921722113502935,0.019000050812962698
0.7681818181818182,0.9921722113502935,0.019044723539098384
0.7693474962063733,0.9921722113502935,0.019114288186654286
0.770516717325228,0.9921722113502935,0.019270388553070936
0.771689497716895,0.9921722113502935,0.019273140716944498
0.7728658536585366,0.9921722113502935,0.01927743314889185
0.7740458015267175,0.9921722113502935,0.019471536940986033
0.7752293577981652,0.9921722113502935,0.019512128121242166
0.776416539050536,0.9921722113502935,0.01956726880752888
0.7776073619631901,0.9921722113502935,0.019966080918120663
0.7788018433179723,0.9921722113502935,0.020022621193934147
0.78,0.9921722113502935,0.02008775420421545
0.7812018489984591,0.9921722113502935,0.020191048901394996
0.7824074074074074,0.9921722113502935,0.020225819765380206
0.7836166924265843,0.9921722113502935,0.020304186761294356
0.7848297213622291,0.9921722113502935,0.02042895122084167
0.786046511627907,0.9921722113502935,0.020546468855009943
0.7872670807453416,0.9921722113502935,0.02062657049226888
0.7884914463452566,0.9921722113502935,0.0208478964246496
0.7897196261682243,0.9921722113502935,0.020994008081424455
0.7909516380655226,0.9921722113502935,0.021288688234580296
0.7921875,0.9921722113502935,0.021328832442276745
0.7934272300469484,0.9921722113502935,0.021369375447700734
0.7946708463949843,0.9921722113502935,0.02155714095934678
0.7959183673469388,0.9921722113502935,0.021717479331134933
0.7971698113207547,0.9921722113502935,0.02174856319372146
0.7984251968503937,0.9921722113502935,0.021809800327897828
0.7996845425867508,0.9921722113502935,0.021820168962534674
0.8009478672985783,0.9921722113502935,0.02186529550141723
0.8022151898734177,0.9921722113502935,0.0219222690602334
0.803486529318542,0.9921722113502935,0.022013918443892073
0.8047619047619048,0.9921722113502935,0.022067282595492333
0.8060413354531002,0.9921722113502935,0.022131366943790705
0.8057324840764332,0.9902152641878669,0.022145560671256802
0.8070175438596491,0.9902152641878669,0.022469283719947587
0.8083067092651757,0.9902152641878669,0.022496015587688014
0.8096,0.9902152641878669,0.022514855136228324
0.8108974358974359,0.9902152641878669,0.022778186650113563
0.812199036918138,0.9902152641878669,0.02282126866187483
0.8135048231511254,0.9902152641878669,0.022876870952400888
0.8148148148148148,0.9902152641878669,0.02339632531381616
0.8161290322580645,0.9902152641878669,0.023405191472748332
0.8174474959612278,0.9902152641878669,0.023668880844426875
0.8187702265372169,0.9902152641878669,0.023789656881043852
0.820097244732577,0.9902152641878669,0.023823856687299885
0.8214285714285714,0.9902152641878669,0.02453878253382056
0.8227642276422764,0.9902152641878669,0.024659100968326464
0.8241042345276873,0.9902152641878669,0.025203879077602506
0.8254486133768353,0.9902152641878669,0.025419870486184472
0.826797385620915,0.9902152641878669,0.02558968339735534
0.8281505728314239,0.9902152641878669,0.026062929323164726
0.8295081967213115,0.9902152641878669,0.0261591180215431
0.8308702791461412,0.9902152641878669,0.0262177693011785
0.8322368421052632,0.9902152641878669,0.02669439544169325
0.8336079077429983,0.9902152641878669,0.02679230410747548
0.834983498349835,0.9902152641878669,0.026896461092965833
0.8363636363636363,0.9902152641878669,0.027413009549413725
0.8377483443708609,0.9902152641878669,0.027414256682457852
0.8391376451077943,0.9902152641878669,0.02744619275147975
0.840531561461794,0.9902152641878669,0.02757055059370183
0.8419301164725458,0.9902152641878669,0.02757555051171981
0.8416666666666667,0.9882583170254403,0.027735561752369145
0.8414023372287145,0.9863013698630136,0.028272939457823158
0.842809364548495,0.9863013698630136,0.028396196886371627
0.8442211055276382,0.9863013698630136,0.028503396997392776
0.8456375838926175,0.9863013698630136,0.028778768218196384
0.8453781512605042,0.9843444227005871,0.028807568988612853
0.8451178451178452,0.9823874755381604,0.02895836518805565
0.8465430016863407,0.9823874755381604,0.02902058906123481
0.847972972972973,0.9823874755381604,0.02920511282029961
0.8494077834179357,0.9823874755381604,0.02975541227332474
0.8491525423728814,0.9804305283757339,0.030789478408956815
0.8505942275042445,0.9804305283757339,0.03091088732210245
0.8520408163265306,0.9804305283757339,0.03101712407512359
0.8534923339011925,0.9804305283757339,0.031136075331505326
0.8549488054607508,0.9804305283757339,0.0317069365393112
0.8564102564102564,0.9804305283757339,0.03174725576999835
0.8578767123287672,0.9804305283757339,0.03176485421903214
0.8593481989708405,0.9804305283757339,0.03361179964511619
0.8608247422680413,0.9804305283757339,0.03476326556093234
0.8623063683304647,0.9804305283757339,0.03515093734319206
0.8637931034482759,0.9804305283757339,0.03521709536323563
0.8652849740932642,0.9804305283757339,0.03562435647120976
0.8667820069204152,0.9804305283757339,0.03598677340159734
0.8682842287694974,0.9804305283757339,0.03641387833809062
0.8697916666666666,0.9804305283757339,0.036455581605061016
0.8695652173913043,0.9784735812133072,0.036814420386745955
0.8710801393728222,0.9784735812133072,0.03735014921483153
0.8726003490401396,0.9784735812133072,0.03778605458206199
0.8723776223776224,0.9765166340508806,0.03804730152215395
0.8739054290718039,0.9765166340508806,0.03946584551332546
0.875438596491228,0.9765166340508806,0.041584902286248324
0.8769771528998243,0.9765166340508806,0.0419394550784054
0.8785211267605634,0.9765166340508806,0.04201331515540774
0.8800705467372134,0.9765166340508806,0.04222011130720211
0.8798586572438163,0.974559686888454,0.042731338681958796
0.8814159292035398,0.974559686888454,0.0444687256375335
0.8812056737588653,0.9726027397260274,0.04498652841865707
0.8827708703374778,0.9726027397260274,0.04554127233078974
0.8843416370106761,0.9726027397260274,0.04641078161029321
0.8859180035650623,0.9726027397260274,0.04747826996251296
0.8875,0.9726027397260274,0.04788149157144407
0.889087656529517,0.9726027397260274,0.050087968537316487
0.8906810035842294,0.9726027397260274,0.05176567459810924
0.8922800718132855,0.9726027397260274,0.05293349058329708
0.8938848920863309,0.9726027397260274,0.05328253954365139
0.8954954954954955,0.9726027397260274,0.055213826405693
0.8953068592057761,0.9706457925636007,0.0553767052979833
0.8969258589511754,0.9706457925636007,0.05573718497744534
0.8967391304347826,0.9686888454011742,0.056141033389629925
0.8983666061705989,0.9686888454011742,0.05634706346752033
0.9,0.9686888454011742,0.056575975258350834
0.9016393442622951,0.9686888454011742,0.05687222587412427
0.9032846715328468,0.9686888454011742,0.06048269614178642
0.9049360146252285,0.9686888454011742,0.06187872369644092
0.9065934065934066,0.9686888454011742,0.06438050876346936
0.908256880733945,0.9686888454011742,0.06783997582912599
0.9099264705882353,0.9686888454011742,0.07147738949947044
0.9116022099447514,0.9686888454011742,0.07838814121573111
0.9132841328413284,0.9686888454011742,0.07941715212196088
0.9149722735674677,0.9686888454011742,0.0886057368656987
0.9166666666666666,0.9686888454011742,0.09414096527326722
0.9183673469387755,0.9686888454011742,0.09433890984586153
0.9200743494423792,0.9686888454011742,0.09509255347394166
0.9217877094972067,0.9686888454011742,0.09732444457473026
0.9235074626865671,0.9686888454011742,0.10785011987332299
0.9252336448598131,0.9686888454011742,0.11731982119805145
0.9269662921348315,0.9686888454011742,0.124217264863629
0.9287054409005628,0.9686888454011742,0.13812694107882986
0.9304511278195489,0.9686888454011742,0.14257936740242344
0.9322033898305084,0.9686888454011742,0.1463725486012431
0.9339622641509434,0.9686888454011742,0.1628280482990713
0.9357277882797732,0.9686888454011742,0.17427398650848205
0.9356060606060606,0.9667318982387475,0.18072281710534238
0.937381404174573,0.9667318982387475,0.1992448649991062
0.9372623574144486,0.9647749510763209,0.21298044562931356
0.9371428571428572,0.9628180039138943,0.22348400076261904
0.9370229007633588,0.9608610567514677,0.23374054532469943
0.9388145315487572,0.9608610567514677,0.23601819135214777
0.9386973180076629,0.958904109589041,0.24741780942244684
0.9385796545105566,0.9569471624266145,0.27186671203225904
0.9403846153846154,0.9569471624266145,0.2805980166837425
0.9402697495183044,0.9549902152641878,0.28067056494718867
0.9420849420849421,0.9549902152641878,0.28492124595100077
0.941972920696325,0.9530332681017613,0.3098589228072602
0.9437984496124031,0.9530332681017613,0.3106588504262714
0.9436893203883495,0.9510763209393346,0.31622367944333074
0.943579766536965,0.949119373776908,0.3340239773091081
0.9434697855750487,0.9471624266144814,0.33560980471168805
0.9453125,0.9471624266144814,0.3782174373764717
0.9471624266144814,0.9471624266144814,0.380504505989922
0.9470588235294117,0.9452054794520548,0.3908881719807463
0.9469548133595285,0.9432485322896281,0.4026781365574688
0.9468503937007874,0.9412915851272016,0.40401698934981256
0.9467455621301775,0.9393346379647749,0.43151127649081833
0.9466403162055336,0.9373776908023483,0.43220402098310057
0.9465346534653465,0.9354207436399217,0.44194351474343013
0.9484126984126984,0.9354207436399217,0.4710197922222239
0.94831013916501,0.9334637964774951,0.4748847747230174
0.950199203187251,0.9334637964774951,0.499042523184477
0.9520958083832335,0.9334637964774951,0.502174446399779
0.952,0.9315068493150684,0.5315347632710387
0.9539078156312625,0.9315068493150684,0.5739514103393687
0.9558232931726908,0.9315068493150684,0.5749684657896826
0.9557344064386318,0.9295499021526419,0.6416188883298967
0.9556451612903226,0.9275929549902152,0.6427260661226737
0.9575757575757575,0.9275929549902152,0.6554460549929964
0.9574898785425101,0.9256360078277887,0.667414128780365
0.9574036511156186,0.923679060665362,0.6889879107475281
0.959349593495935,0.923679060665362,0.7018844872151468
0.9592668024439919,0.9217221135029354,0.7213610872372782
0.9591836734693877,0.9197651663405088,0.7236453782968911
0.9611451942740287,0.9197651663405088,0.7243388362632956
0.9631147540983607,0.9197651663405088,0.7272949787702598
0.9650924024640657,0.9197651663405088,0.7302149128597393
0.9650205761316872,0.9178082191780822,0.737662050844023
0.9649484536082474,0.9158512720156555,0.7409572518509934
0.9648760330578512,0.913894324853229,0.748516171646937
0.9648033126293996,0.9119373776908023,0.7588937607678706
0.966804979253112,0.9119373776908023,0.7720435549335016
0.9688149688149689,0.9119373776908023,0.7770814721938638
0.9708333333333333,0.9119373776908023,0.7916509869202677
0.9707724425887265,0.9099804305283757,0.7925791410103897
0.9707112970711297,0.9080234833659491,0.7974781186046197
0.9706498951781971,0.9060665362035225,0.8038869143690739
0.9705882352941176,0.9041095890410958,0.8199323033945494
0.9705263157894737,0.9021526418786693,0.8289280261983881
0.9725738396624473,0.9021526418786693,0.8337887929352161
0.9725158562367865,0.9001956947162426,0.8445391041468362
0.972457627118644,0.898238747553816,0.8486390520191405
0.9723991507430998,0.8962818003913894,0.8488591033540333
0.9723404255319149,0.8943248532289628,0.8495800099531184
0.9722814498933902,0.8923679060665362,0.8527815572657141
0.9722222222222222,0.8904109589041096,0.8533905323358175
0.9721627408993576,0.8884540117416829,0.8572536946438354
0.9721030042918455,0.8864970645792564,0.8637438803377181
0.9720430107526882,0.8845401174168297,0.86382016140926
0.9719827586206896,0.8825831702544031,0.8638718981704682
0.9740820734341252,0.8825831702544031,0.8668103846416264
0.974025974025974,0.8806262230919765,0.8672408122344742
0.9739696312364425,0.8786692759295499,0.8704024504661423
0.9739130434782609,0.8767123287671232,0.8737962245941162
0.9738562091503268,0.8747553816046967,0.8739598810420209
0.9737991266375546,0.87279843444227,0.8756213572191491
0.973741794310722,0.8708414872798435,0.8757580681845186
0.9736842105263158,0.8688845401174168,0.8758133151659367
0.9736263736263736,0.8669275929549902,0.8758542244036197
0.9757709251101322,0.8669275929549902,0.8789723990302525
0.9757174392935982,0.8649706457925636,0.8797764565104732
0.9756637168141593,0.863013698630137,0.8801867398626608
0.975609756097561,0.8610567514677103,0.8832900359613814
0.9755555555555555,0.8590998043052838,0.8840218749492545
0.9755011135857461,0.8571428571428571,0.8842630768280104
0.9754464285714286,0.8551859099804305,0.8859455302971696
0.9753914988814317,0.8532289628180039,0.8870382540273211
0.9753363228699552,0.8512720156555773,0.8871192516658545
0.9752808988764045,0.8493150684931506,0.8874475691483149
0.9752252252252253,0.8473581213307241,0.8877061936942877
0.9751693002257337,0.8454011741682974,0.8879602618241154
0.9751131221719457,0.8434442270058709,0.8894853178120004
0.9750566893424036,0.8414872798434442,0.8902424789465074
0.9772727272727273,0.8414872798434442,0.8904080540196457
0.9772209567198178,0.8395303326810176,0.8945671732719263
0.9794520547945206,0.8395303326810176,0.8945793688958804
0.9794050343249427,0.837573385518591,0.89565978932951
0.9793577981651376,0.8356164383561644,0.895660163640343
0.9793103448275862,0.8336594911937377,0.8966832277863893
0.9792626728110599,0.8317025440313112,0.8967822431012649
0.9815242494226328,0.8317025440313112,0.8985946540155911
0.9814814814814815,0.8297455968688845,0.8987648781803105
0.9814385150812065,0.8277886497064579,0.8995477935408777
0.9813953488372092,0.8258317025440313,0.900653939867032
0.9813519813519813,0.8238747553816047,0.9008068694027197
0.9813084112149533,0.821917808219178,0.9015132130094298
0.9812646370023419,0.8199608610567515,0.9016427498494396
0.9812206572769953,0.8180039138943248,0.9020282097311929
0.9811764705882353,0.8160469667318982,0.9022283017391409
0.9811320754716981,0.8140900195694716,0.9035060833486527
0.9810874704491725,0.812133072407045,0.9044338454313233
0.981042654028436,0.8101761252446184,0.9044875294029958
0.9809976247030879,0.8082191780821918,0.9046098168655384
0.9809523809523809,0.8062622309197651,0.9049243038308573
0.9809069212410502,0.8043052837573386,0.9053047968736874
0.9808612440191388,0.8023483365949119,0.9053208040589453
0.9808153477218226,0.8003913894324853,0.9055837763898877
0.9807692307692307,0.7984344422700587,0.9056055647016193
0.980722891566265,0.7964774951076321,0.9059162415332932
0.9806763285024155,0.7945205479452054,0.9060777290749888
0.9806295399515739,0.7925636007827789,0.9068984384489159
0.9805825242718447,0.7906066536203522,0.9069380231718571
0.9805352798053528,0.7886497064579256,0.9077746563778374
0.9804878048780488,0.786692759295499,0.9081666638733198
0.980440097799511,0.7847358121330724,0.9085607254182059
0.9803921568627451,0.7827788649706457,0.90856300430651
0.9803439803439803,0.7808219178082192,0.9086496064690947
0.9802955665024631,0.7788649706457925,0.9095038703866014
0.980246913580247,0.776908023483366,0.9096056033494593
0.9801980198019802,0.7749510763209393,0.9099058376141805
0.9801488833746899,0.7729941291585127,0.9099514312088225
0.9800995024875622,0.7710371819960861,0.910016354508637
0.9800498753117207,0.7690802348336595,0.9106591948407322
0.98,0.7671232876712328,0.9107823272383299
0.9799498746867168,0.7651663405088063,0.9109010798212261
0.9798994974874372,0.7632093933463796,0.9113552791022111
0.9798488664987406,0.761252446183953,0.9114900059760551
0.9797979797979798,0.7592954990215264,0.9115458130836487
0.979746835443038,0.7573385518590998,0.911827066861135
0.9796954314720813,0.7553816046966731,0.9118479745047532
0.9796437659033079,0.7534246575342466,0.912084347988265
0.9795918367346939,0.7514677103718199,0.9125961645441839
0.979539641943734,0.7495107632093934,0.9126294409327852
0.9794871794871794,0.7475538160469667,0.9128290226830105
0.9794344473007712,0.7455968688845401,0.9131260548275935
0.979381443298969,0.7436399217221135,0.9131612998826372
0.979328165374677,0.7416829745596869,0.9134261999443222
0.9792746113989638,0.7397260273972602,0.9135640450738454
0.9792207792207792,0.7377690802348337,0.9137396130937867
0.9791666666666666,0.735812133072407,0.9137592571318426
0.97911227154047,0.7338551859099804,0.9138528806774268
0.9790575916230366,0.7318982387475538,0.9140212876530004
0.979002624671916,0.7299412915851272,0.9140609281458109
0.9789473684210527,0.7279843444227005,0.9141143679596494
0.978891820580475,0.726027397260274,0.9141491447117744
0.9788359788359788,0.7240704500978473,0.9141742076182199
0.9787798408488063,0.7221135029354208,0.9146125588982578
0.9787234042553191,0.7201565557729941,0.9147046566173394
0.9786666666666667,0.7181996086105675,0.9148001006633035
0.9786096256684492,0.7162426614481409,0.9148175682320536
0.9785522788203753,0.7142857142857143,0.9149084653149975
0.978494623655914,0.7123287671232876,0.9150376013585165
0.9784366576819407,0.7103718199608611,0.9150619046638321
0.9783783783783784,0.7084148727984344,0.915073026920784
0.978319783197832,0.7064579256360078,0.9153909700278025
0.9782608695652174,0.7045009784735812,0.9155402712183974
0.9782016348773842,0.7025440313111546,0.9156001202542412
0.9808743169398907,0.7025440313111546,0.9157056297706965
0.9808219178082191,0.700587084148728,0.9157250473335413
0.9807692307692307,0.6986301369863014,0.9160530873147724
0.9807162534435262,0.6966731898238747,0.9161543300059837
0.9806629834254144,0.6947162426614482,0.9163362043817398
0.9806094182825484,0.6927592954990215,0.9166609407400336
0.9805555555555555,0.6908023483365949,0.9168971199696815
0.9805013927576601,0.6888454011741683,0.9170059595890565
0.9804469273743017,0.6868884540117417,0.917028750589909
0.9803921568627451,0.684931506849315,0.9171950545659401
0.9803370786516854,0.6829745596868885,0.9173555901843637
0.9802816901408451,0.6810176125244618,0.9173848425966713
0.980225988700565,0.6790606653620352,0.917683793867883
0.9801699716713881,0.6771037181996086,0.9177281226302381
0.9801136363636364,0.675146771037182,0.917800065436214
0.9829059829059829,0.675146771037182,0.9180121932363865
0.9828571428571429,0.6731898238747553,0.9182015879761812
0.9828080229226361,0.6712328767123288,0.9184313162576897
0.9827586206896551,0.6692759295499021,0.9188478266849466
0.9827089337175793,0.6673189823874756,0.9189273033391004
0.9826589595375722,0.6653620352250489,0.9189655609621562
0.9826086956521739,0.6634050880626223,0.918988992434118
0.9825581395348837,0.6614481409001957,0.9190013240557781
0.9825072886297376,0.6594911937377691,0.9190891518901901
0.9824561403508771,0.6575342465753424,0.9192071146127382
0.9824046920821115,0.6555772994129159,0.9193952864678822
0.9823529411764705,0.6536203522504892,0.9194645850776346
0.9823008849557522,0.6516634050880626,0.9196399844283604
0.9822485207100592,0.649706457925636,0.9198033282146105
0.9821958456973294,0.6477495107632094,0.9198944770589974
0.9821428571428571,0.6457925636007827,0.9199320206409137
0.982089552238806,0.6438356164383562,0.9200031401217803
0.9820359281437125,0.6418786692759295,0.9200747098780676
0.9819819819819819,0.639921722113503,0.9206560442731091
0.9819277108433735,0.6379647749510763,0.9206791177139015
0.9818731117824774,0.6360078277886497,0.920714136508427
0.9848484848484849,0.6360078277886497,0.9209248676551556
0.9848024316109423,0.6340508806262231,0.920989908765588
0.9847560975609756,0.6320939334637965,0.9210154126924973
0.9847094801223242,0.6301369863013698,0.9211774284173889
0.9846625766871165,0.6281800391389433,0.9212103314472301
0.9846153846153847,0.6262230919765166,0.9214866350150722
0.9845679012345679,0.62426614481409,0.9216448887835882
0.9845201238390093,0.6223091976516634,0.9219845499024371
0.984472049689441,0.6203522504892368,0.9219978439583009
0.9844236760124611,0.6183953033268101,0.9220389976337926
0.984375,0.6164383561643836,0.9221201401633004
0.9843260188087775,0.6144814090019569,0.9221930996828552
0.9842767295597484,0.6125244618395304,0.9222627603333365
0.9842271293375394,0.6105675146771037,0.922349800817937
0.9841772151898734,0.6086105675146771,0.9223661015667526
0.9841269841269841,0.6066536203522505,0.9225834929173143
0.9840764331210191,0.6046966731898239,0.9226239764995579
0.9840255591054313,0.6027397260273972,0.9226811636796737
0.9839743589743589,0.6007827788649707,0.9227005054248393
0.9839228295819936,0.598825831702544,0.9228914741067606
0.9838709677419355,0.5968688845401174,0.9228975904765819
0.9838187702265372,0.5949119373776908,0.9233499220945868
0.9837662337662337,0.5929549902152642,0.923358748741732
0.9837133550488599,0.5909980430528375,0.9234786973699443
0.9836601307189542,0.589041095890411,0.9237344815572788
0.9836065573770492,0.5870841487279843,0.923751974352687
0.9835526315789473,0.5851272015655578,0.9242084146839732
0.9834983498349835,0.5831702544031311,0.9243278985492535
0.9834437086092715,0.5812133072407045,0.9243371927756169
0.9833887043189369,0.5792563600782779,0.924614095283866
0.9833333333333333,0.5772994129158513,0.9247964265703223
0.9832775919732442,0.5753424657534246,0.9248323240711231
0.9832214765100671,0.5733855185909981,0.92498543823651
0.9865319865319865,0.5733855185909981,0.9250563796634844
0.9864864864864865,0.5714285714285714,0.9251237918131766
0.9864406779661017,0.5694716242661448,0.9251695023912752
0.9863945578231292,0.5675146771037182,0.9251732116655446
0.9863481228668942,0.5655577299412916,0.9253232454664319
0.9863013698630136,0.5636007827788649,0.9254504796931395
0.9862542955326461,0.5616438356164384,0.9254585814816029
0.9862068965517241,0.5596868884540117,0.92552696451789
0.986159169550173,0.5577299412915852,0.9257346019792367
0.9861111111111112,0.5557729941291585,0.9258048785550566
0.9860627177700348,0.5538160469667319,0.9259292121147487
0.986013986013986,0.5518590998043053,0.926314463583975
0.9859649122807017,0.5499021526418787,0.9263165558639297
0.9859154929577465,0.547945205479452,0.9263929569394577
0.9858657243816255,0.5459882583170255,0.926430192585711
0.9858156028368794,0.5440313111545988,0.9264502421790707
0.9857651245551602,0.5420743639921722,0.9265347849271461
0.9857142857142858,0.5401174168297456,0.9265372891208126
0.985663082437276,0.538160469667319,0.9266696633272626
0.9856115107913669,0.5362035225048923,0.9266891064141128
0.9855595667870036,0.5342465753424658,0.9271758241681485
0.9855072463768116,0.5322896281800391,0.9272063063649209
0.9854545454545455,0.5303326810176126,0.927278616279605
0.9854014598540146,0.5283757338551859,0.92739267020852
0.9853479853479854,0.5264187866927593,0.9277529258691211
0.9852941176470589,0.5244618395303327,0.9277722231005423
0.985239852398524,0.5225048923679061,0.9277920135720084
0.9851851851851852,0.5205479452054794,0.9278081966574258
0.9851301115241635,0.5185909980430529,0.9278600872239793
0.9850746268656716,0.5166340508806262,0.9278612888432137
0.9850187265917603,0.5146771037181996,0.9280697038168482
0.9849624060150376,0.512720156555773,0.9281909681480354
0.9849056603773585,0.5107632093933464,0.9282315244195073
0.9848484848484849,0.5088062622309197,0.928361472926901
0.9847908745247148,0.5068493150684932,0.9287142373030759
0.9847328244274809,0.5048923679060665,0.9287439351968889
0.9846743295019157,0.50293542074364,0.9287612299805696
0.9846153846153847,0.5009784735812133,0.928878695162129
0.9845559845559846,0.49902152641878667,0.9289551152355662
0.9844961240310077,0.49706457925636005,0.9289615292692412
0.9844357976653697,0.49510763209393344,0.9290947671843195
0.984375,0.4931506849315068,0.9290986622531017
0.984313725490196,0.4911937377690802,0.9292278809041463
0.984251968503937,0.4892367906066536,0.9292449190694341
0.9841897233201581,0.487279843444227,0.929388003852207
0.9841269841269841,0.48532289628180036,0.9295445438220657
0.9840637450199203,0.48336594911937375,0.9295807324978959
0.984,0.48140900195694714,0.9296131885918205
0.9839357429718876,0.4794520547945205,0.9297595006790766
0.9838709677419355,0.4774951076320939,0.9298119319834651
0.9838056680161943,0.4755381604696673,0.9298846919325219
0.983739837398374,0.4735812133072407,0.9299565796170237
0.9836734693877551,0.47162426614481406,0.9300733631463095
0.9836065573770492,0.46966731898238745,0.9300798461931995
0.9835390946502057,0.46771037181996084,0.9301625410535576
0.9834710743801653,0.4657534246575342,0.9302012462943978
0.983402489626556,0.4637964774951076,0.9302157076986907
0.9833333333333333,0.461839530332681,0.9302159142352177
0.9832635983263598,0.4598825831702544,0.9303537633186777
0.9831932773109243,0.45792563600782776,0.9304480942619632
0.9831223628691983,0.45596868884540115,0.9305315414422886
0.9830508474576272,0.45401174168297453,0.9305634151934306
0.9829787234042553,0.4520547945205479,0.9305668594575822
0.9829059829059829,0.4500978473581213,0.9306711918564421
0.9828326180257511,0.4481409001956947,0.9308131441192308
0.9827586206896551,0.4461839530332681,0.9309218783807445
0.9826839826839827,0.44422700587084146,0.930994210893299
0.9826086956521739,0.44227005870841485,0.9311198082856816
0.982532751091703,0.44031311154598823,0.93112494555849
0.9824561403508771,0.4383561643835616,0.9313034681700806
0.9823788546255506,0.436399217221135,0.9313601116633399
0.9823008849557522,0.4344422700587084,0.9314449871924653
0.9822222222222222,0.4324853228962818,0.9314910422455132
0.9821428571428571,0.43052837573385516,0.9315475988911359
0.9820627802690582,0.42857142857142855,0.9315905026994115
0.9819819819819819,0.42661448140900193,0.9316192460205625
0.9819004524886877,0.4246575342465753,0.9317672547698828
0.9818181818181818,0.4227005870841487,0.9319372006365311
0.9817351598173516,0.4207436399217221,0.9320433243964984
0.981651376146789,0.4187866927592955,0.932297775197331
0.9815668202764977,0.41682974559686886,0.9324474956815527
0.9814814814814815,0.41487279843444225,0.9324559604095517
0.9813953488372092,0.41291585127201563,0.9324939138047202
0.9813084112149533,0.410958904109589,0.9326265396763063
0.9812206572769953,0.4090019569471624,0.9329336659201865
0.9811320754716981,0.4070450097847358,0.9329905357049008
0.981042654028436,0.4050880626223092,0.933069636799613
0.9809523809523809,0.40313111545988256,0.9332505024955692
0.9808612440191388,0.40117416829745595,0.933426652479581
0.9807692307692307,0.39921722113502933,0.9335376446407727
0.9806763285024155,0.3972602739726027,0.9335744215753731
0.9805825242718447,0.3953033268101761,0.9336046767787104
0.9804878048780488,0.3933463796477495,0.933759619290833
0.9803921568627451,0.3913894324853229,0.933792553699501
0.9852216748768473,0.3913894324853229,0.933870242031362
0.9851485148514851,0.38943248532289626,0.933876311675579
0.9850746268656716,0.38747553816046965,0.9340525504382503
0.985,0.38551859099804303,0.9342944200019244
0.9849246231155779,0.3835616438356164,0.9346461374422678
0.9848484848484849,0.3816046966731898,0.9346832672430934
0.9847715736040609,0.3796477495107632,0.9349301401206
0.9846938775510204,0.3776908023483366,0.9351643363637817
0.9846153846153847,0.37573385518590996,0.9354958682352954
0.9845360824742269,0.37377690802348335,0.9357631215227424
0.9844559585492227,0.37181996086105673,0.9358990314440675
0.984375,0.3698630136986301,0.9359739201579975
0.9842931937172775,0.3679060665362035,0.9359775947253912
0.9842105263157894,0.3659491193737769,0.9360535045667083
0.9841269841269841,0.3639921722113503,0.9361353138493215
0.9840425531914894,0.36203522504892366,0.9364895288591634
0.983957219251337,0.36007827788649704,0.9365233566677456
0.9838709677419355,0.35812133072407043,0.9366864719058913
0.9837837837837838,0.3561643835616438,0.9369112604916885
0.9836956521739131,0.3542074363992172,0.937232372276582
0.9836065573770492,0.3522504892367906,0.9372525773794995
0.9835164835164835,0.350293542074364,0.9380369465958163
0.9834254143646409,0.34833659491193736,0.9380537780183016
0.9833333333333333,0.34637964774951074,0.9384232161685626
0.9832402234636871,0.34442270058708413,0.9391270377391566
0.9831460674157303,0.3424657534246575,0.9393364463416408
0.9830508474576272,0.3405088062622309,0.9399426307323178
0.9829545454545454,0.3385518590998043,0.9402623000858262
0.9828571428571429,0.33659491193737767,0.9403032686756084
0.9827586206896551,0.33463796477495106,0.9403676662141436
0.9826589595375722,0.33268101761252444,0.940418303840666
0.9825581395348837,0.33072407045009783,0.9404461216943897
0.9824561403508771,0.3287671232876712,0.9405838943894189
0.9823529411764705,0.3268101761252446,0.9406972238089916
0.9822485207100592,0.324853228962818,0.9408385025937489
0.9821428571428571,0.32289628180039137,0.9408903288439999
0.9820359281437125,0.32093933463796476,0.9410097923291496
0.9819277108433735,0.31898238747553814,0.9412328136290059
0.9818181818181818,0.31702544031311153,0.9413431470917595
0.9817073170731707,0.3150684931506849,0.9414990745992201
0.9815950920245399,0.3131115459882583,0.941533131650764
0.9814814814814815,0.3111545988258317,0.9415626990390564
0.9813664596273292,0.30919765166340507,0.9415764826446341
0.98125,0.30724070450097846,0.9415892695825475
0.9811320754716981,0.30528375733855184,0.9416626998765343
0.9810126582278481,0.30332681017612523,0.9416631652819872
0.9808917197452229,0.3013698630136986,0.941749447405109
0.9807692307692307,0.299412915851272,0.9417754709530939
0.9806451612903225,0.2974559686888454,0.9418162432007501
0.9805194805194806,0.29549902152641877,0.9420256701880239
0.9803921568627451,0.29354207436399216,0.9420474776458437
0.9868421052631579,0.29354207436399216,0.9421278203199512
0.9867549668874173,0.29158512720156554,0.9421712046039983
0.9933333333333333,0.29158512720156554,0.9421842676094745
0.9932885906040269,0.2896281800391389,0.9421938359415248
0.9932432432432432,0.2876712328767123,0.9422068516911365
0.9931972789115646,0.2857142857142857,0.942272542082632
0.9931506849315068,0.2837573385518591,0.9422822314520929
0.993103448275862,0.28180039138943247,0.9422836680364872
0.9930555555555556,0.27984344422700586,0.942312081093775
0.993006993006993,0.27788649706457924,0.9424390372343182
0.9929577464788732,0.2759295499021526,0.9426014730623472
0.9929078014184397,0.273972602739726,0.9426148919176707
0.9928571428571429,0.2720156555772994,0.9426266050620782
0.9928057553956835,0.2700587084148728,0.942761533489164
0.9927536231884058,0.26810176125244617,0.942785338470839
0.9927007299270073,0.26614481409001955,0.9427894135377787
0.9926470588235294,0.26418786692759294,0.9429277566911036
0.9925925925925926,0.2622309197651663,0.9429609828235264
0.9925373134328358,0.2602739726027397,0.9430381604175697
0.9924812030075187,0.2583170254403131,0.9431694202674706
0.9924242424242424,0.2563600782778865,0.9432227716955107
0.9923664122137404,0.25440313111545987,0.9432436096028852
0.9923076923076923,0.25244618395303325,0.9433408474825059
0.9922480620155039,0.25048923679060664,0.9433547286113592
0.9921875,0.24853228962818003,0.9434200244122737
0.9921259842519685,0.2465753424657534,0.943461404093185
0.9920634920634921,0.2446183953033268,0.9434748729853446
0.992,0.24266144814090018,0.9435331531459521
0.9919354838709677,0.24070450097847357,0.9437220342682833
0.991869918699187,0.23874755381604695,0.943767554639038
0.9918032786885246,0.23679060665362034,0.9437895074414175
0.9917355371900827,0.23483365949119372,0.9438201127511069
0.9916666666666667,0.2328767123287671,0.9438947115659119
0.9915966386554622,0.2309197651663405,0.9440264438085321
0.9915254237288136,0.22896281800391388,0.9440477980965994
0.9914529914529915,0.22700587084148727,0.9440512885761759
0.9913793103448276,0.22504892367906065,0.9441275519351713
0.991304347826087,0.22309197651663404,0.9441611975961433
0.9912280701754386,0.22113502935420742,0.9441747593159958
0.9911504424778761,0.2191780821917808,0.9443210424950786
0.9910714285714286,0.2172211350293542,0.9445387626427314
0.990990990990991,0.21526418786692758,0.9445962239459438
0.990909090909091,0.21330724070450097,0.9447631413595464
0.9908256880733946,0.21135029354207435,0.9448069316431751
0.9907407407407407,0.20939334637964774,0.9448634685253333
0.9906542056074766,0.20743639921722112,0.944876958535155
0.9905660377358491,0.2054794520547945,0.9448907408183371
0.9904761904761905,0.2035225048923679,0.9449037401462322
0.9903846153846154,0.20156555772994128,0.9449422480288135
0.9902912621359223,0.19960861056751467,0.945012564146821
0.9901960784313726,0.19765166340508805,0.9450501027507688
0.9900990099009901,0.19569471624266144,0.9450758319598583
0.99,0.19373776908023482,0.945080793861206
0.98989898989899,0.1917808219178082,0.9451101481432849
0.9897959183673469,0.1898238747553816,0.9451516525907423
0.9896907216494846,0.18786692759295498,0.9451634578317349
0.9895833333333334,0.18590998043052837,0.9451729244074145
0.9894736842105263,0.18395303326810175,0.945198361506678
0.9893617021276596,0.18199608610567514,0.9452543467365286
0.989247311827957,0.18003913894324852,0.9452575653872146
0.9891304347826086,0.1780821917808219,0.9452803075891908
0.989010989010989,0.1761252446183953,0.9454902886007686
0.9888888888888889,0.17416829745596868,0.9455347768921286
0.9887640449438202,0.17221135029354206,0.9456408910510591
0.9886363636363636,0.17025440313111545,0.9456994451406809
0.9885057471264368,0.16829745596868884,0.9459225141966882
0.9883720930232558,0.16634050880626222,0.9460835456848145
0.9882352941176471,0.1643835616438356,0.946203357752225
0.9880952380952381,0.162426614481409,0.9462812340217936
0.9879518072289156,0.16046966731898238,0.9464750956481329
0.9878048780487805,0.15851272015655576,0.9464937407794461
0.9876543209876543,0.15655577299412915,0.9464944997730222
0.9875,0.15459882583170254,0.9465902976649049
0.9873417721518988,0.15264187866927592,0.9468683741520103
0.9871794871794872,0.1506849315068493,0.9469010574183141
0.987012987012987,0.1487279843444227,0.9471019312401838
0.9868421052631579,0.14677103718199608,0.9472843068384053
0.9866666666666667,0.14481409001956946,0.9473728595397022
0.9864864864864865,0.14285714285714285,0.9474732505214619
0.9863013698630136,0.14090019569471623,0.9476976725916098
0.9861111111111112,0.13894324853228962,0.9477281954647259
0.9859154929577465,0.136986301369863,0.9477324852337645
0.9857142857142858,0.1350293542074364,0.9480001917593179
0.9855072463768116,0.13307240704500978,0.9480528972752824
0.9852941176470589,0.13111545988258316,0.9481523981799678
0.9850746268656716,0.12915851272015655,0.9481875207709974
0.9848484848484849,0.12720156555772993,0.9487470308889419
0.9846153846153847,0.12524461839530332,0.9487977328329561
0.984375,0.1232876712328767,0.9491784762011749
0.9841269841269841,0.12133072407045009,0.949187614275431
0.9838709677419355,0.11937377690802348,0.9493772263719875
0.9836065573770492,0.11741682974559686,0.9494589183358606
0.9833333333333333,0.11545988258317025,0.9496007517464424
0.9830508474576272,0.11350293542074363,0.949644599538582
0.9827586206896551,0.11154598825831702,0.9500280618667603
0.9824561403508771,0.1095890410958904,0.9504326511142205
0.9821428571428571,0.10763209393346379,0.9504843318816858
0.9818181818181818,0.10567514677103718,0.9505370197317012
0.9814814814814815,0.10371819960861056,0.9507010791607442
0.9811320754716981,0.10176125244618395,0.9510555916524804
0.9807692307692307,0.09980430528375733,0.9513915697461701
0.9803921568627451,0.09784735812133072,0.9516903128754234
0.98,0.0958904109589041,0.9517354242894589
0.9795918367346939,0.09393346379647749,0.9518469075640413
0.9791666666666666,0.09197651663405088,0.9519827793467112
0.9787234042553191,0.09001956947162426,0.9519906416382705
0.9782608695652174,0.08806262230919765,0.9522527677997195
0.9777777777777777,0.08610567514677103,0.9525471695082016
0.9772727272727273,0.08414872798434442,0.9526673101286189
1.0,0.08414872798434442,0.9527419901582181
1.0,0.0821917808219178,0.9532070657048334
1.0,0.08023483365949119,0.9536045595344103
1.0,0.07827788649706457,0.9536173673267281
1.0,0.07632093933463796,0.9539020835217477
1.0,0.07436399217221135,0.95401448536949
1.0,0.07240704500978473,0.9540455127358036
1.0,0.07045009784735812,0.9541572492335275
1.0,0.0684931506849315,0.9544390831588777
1.0,0.06653620352250489,0.9545759024862491
1.0,0.06457925636007827,0.9546153678737865
1.0,0.06262230919765166,0.9549583881789556
1.0,0.060665362035225046,0.9551224477216791
1.0,0.05870841487279843,0.9554435361619862
1.0,0.05675146771037182,0.9556856742829593
1.0,0.0547945205479452,0.9559952198231823
1.0,0.05283757338551859,0.9561622889636882
1.0,0.050880626223091974,0.9564632177352905
1.0,0.04892367906066536,0.9566181276213007
1.0,0.046966731898238745,0.9566791831828502
1.0,0.04500978473581213,0.9569887829724317
1.0,0.043052837573385516,0.9570789213526835
1.0,0.0410958904109589,0.9574874238232765
1.0,0.03913894324853229,0.9575821143433785
1.0,0.03718199608610567,0.9577536930818055
1.0,0.03522504892367906,0.9580098792076526
1.0,0.033268101761252444,0.9582506907181737
1.0,0.03131115459882583,0.959319550424163
1.0,0.029354207436399216,0.9593337124623337
1.0,0.0273972602739726,0.9594760015240872
1.0,0.025440313111545987,0.9595937374132042
1.0,0.023483365949119372,0.9596020749140898
1.0,0.021526418786692758,0.9597309902122471
1.0,0.019569471624266144,0.9603089073101854
1.0,0.01761252446183953,0.9604834309215812
1.0,0.015655577299412915,0.9605106249522971
1.0,0.0136986301369863,0.9606826427241973
1.0,0.011741682974559686,0.9610500774266699
1.0,0.009784735812133072,0.9611939456647486
1.0,0.007827788649706457,0.9622606881631847
1.0,0.005870841487279843,0.9629730425641677
1.0,0.003913894324853229,0.9640531001210343
1.0,0.0019569471624266144,0.9658060548469595
1.0,0.0,nan
