sample_id,original_record_id,original_filepath,original_relative_path,label,partition,fold,augmentation_type,augmentation_params,augmentation_index,seed,output_reference
aug_b7439a3812ce5f3a884b,rec_9fe218fb42a48370949d,D:\INFANT CRY\data_set_dbl_split\train\belly_pain\476_M_eairh.wav,belly_pain/476_M_eairh.wav,baby,train,final_refit,gaussian_noise,"{""noise_factor"":0.004793122}",0,13807773780005389956,virtual:aug_b7439a3812ce5f3a884b
aug_d648af78ce41e18fdb20,rec_e9a32a70ab1a0d3ad1d9,D:\INFANT CRY\data_set_dbl_split\train\tired\508_M_owh.wav,tired/508_M_owh.wav,baby,train,final_refit,pitch_shift,"{""steps"":0.803297}",1,382265110522476486,virtual:aug_d648af78ce41e18fdb20
aug_126989a677da94cebfec,rec_e03def87d42d24b8bdf8,D:\INFANT CRY\data_set_dbl_split\train\tired\2168_M_owh.wav,tired/2168_M_owh.wav,baby,train,final_refit,pitch_shift,"{""steps"":-1.195807}",2,8651328433889323896,virtual:aug_126989a677da94cebfec
aug_44e60cafa929d2c7b12b,rec_17f1b23ae4cf46ed1101,D:\INFANT CRY\data_set_dbl_split\train\tired\4146_M_owh.wav,tired/4146_M_owh.wav,baby,train,final_refit,time_stretch,"{""rate"":1.105993}",3,1699574260770022252,virtual:aug_44e60cafa929d2c7b12b
aug_41accca787cb17053903,rec_f2be0c0fdf45d429dfda,D:\INFANT CRY\data_set_dbl_split\train\burping\3680_M_eh.wav,burping/3680_M_eh.wav,baby,train,final_refit,time_stretch,"{""rate"":0.88513}",4,1235283116658036604,virtual:aug_41accca787cb17053903
aug_d04634fcf89c899fa6ab,rec_b9360ab2f4023e09693c,D:\INFANT CRY\data_set_dbl_split\train\discomfort\3335_M_heh.wav,discomfort/3335_M_heh.wav,baby,train,final_refit,time_shift,"{""fraction"":-0.0205225}",5,16154962184534954130,virtual:aug_d04634fcf89c899fa6ab
aug_3508ddf2a1a5381c5b5f,rec_33b4e755a718fa24b761,D:\INFANT CRY\data_set_dbl_split\train\tired\2267_F_owh.wav,tired/2267_F_owh.wav,baby,train,final_refit,gaussian_noise,"{""noise_factor"":0.002325986}",6,468672265073981448,virtual:aug_3508ddf2a1a5381c5b5f
aug_486499ba404722309213,rec_b072edcd3862f9a5d63c,D:\INFANT CRY\data_set_dbl_split\train\tired\4633_F_owh.wav,tired/4633_F_owh.wav,baby,train,final_refit,pitch_shift,"{""steps"":2.095302}",7,18028218650413594850,virtual:aug_486499ba404722309213
aug_28b0d8b5a6a332cd377d,rec_29983012fc0aa8de3970,D:\INFANT CRY\data_set_dbl_split\train\tired\3313_M_owh.wav,tired/3313_M_owh.wav,baby,train,final_refit,pitch_shift,"{""steps"":-1.960174}",8,5052186736544010889,virtual:aug_28b0d8b5a6a332cd377d
aug_2ff0df51f6c80a7b9fcb,rec_010c54dba3c33a235f36,D:\INFANT CRY\data_set_dbl_split\train\burping\dunstan-eh_56.wav,burping/dunstan-eh_56.wav,baby,train,final_refit,time_stretch,"{""rate"":1.193395}",9,1875190891646953301,virtual:aug_2ff0df51f6c80a7b9fcb
aug_b38c25ed924b99740a9b,rec_e25b8259cdfa135f6d37,D:\INFANT CRY\data_set_dbl_split\train\tired\1966_M_owh.wav,tired/1966_M_owh.wav,baby,train,final_refit,time_stretch,"{""rate"":0.783389}",10,12048872063825252216,virtual:aug_b38c25ed924b99740a9b
aug_874522c04e91c4593063,rec_85edc8f84763e4037032,D:\INFANT CRY\data_set_dbl_split\train\burping\1679_F_eh.wav,burping/1679_F_eh.wav,baby,train,final_refit,gaussian_noise,"{""noise_factor"":0.00549748}",11,9481009263384526763,virtual:aug_874522c04e91c4593063
aug_e4af50ed0e95044e7886,rec_7d9becd3a9a4b0da6a50,D:\INFANT CRY\data_set_dbl_split\train\burping\2117_M_eh.wav,burping/2117_M_eh.wav,baby,train,final_refit,pitch_shift,"{""steps"":0.863646}",12,11664923638789021980,virtual:aug_e4af50ed0e95044e7886
aug_75c881310a3f7ae1ac8e,rec_7923b3cade105f0c3c70,D:\INFANT CRY\data_set_dbl_split\train\belly_pain\2651_F_eairh.wav,belly_pain/2651_F_eairh.wav,baby,train,final_refit,pitch_shift,"{""steps"":-1.180995}",13,14707437412792531566,virtual:aug_75c881310a3f7ae1ac8e
aug_98e9189922adf4338dbb,rec_8e8cba3c6a2d7b965e01,D:\INFANT CRY\data_set_dbl_split\train\discomfort\4203_M_heh.wav,discomfort/4203_M_heh.wav,baby,train,final_refit,time_stretch,"{""rate"":1.117768}",14,4335050641850292239,virtual:aug_98e9189922adf4338dbb
aug_6c10c98967d0ccef4565,rec_62b412afc0f37e27404c,D:\INFANT CRY\data_set_dbl_split\train\tired\620_M_owh.wav,tired/620_M_owh.wav,baby,train,final_refit,time_stretch,"{""rate"":0.899188}",15,4639147560550307785,virtual:aug_6c10c98967d0ccef4565
aug_2a7c9b5977eec07eb7ea,rec_9b5466053393e9dbc382,D:\INFANT CRY\data_set_dbl_split\train\belly_pain\dunstan-eairh_23.wav,belly_pain/dunstan-eairh_23.wav,baby,train,final_refit,time_shift,"{""fraction"":0.0962714}",16,11838580351935636250,virtual:aug_2a7c9b5977eec07eb7ea
aug_cc624db36099f7288267,rec_563bf3b849e217c99c2b,D:\INFANT CRY\data_set_dbl_split\train\hungry\dunstan-neh_66.wav,hungry/dunstan-neh_66.wav,baby,train,final_refit,gaussian_noise,"{""noise_factor"":0.002746635}",17,2820636125983620207,virtual:aug_cc624db36099f7288267
aug_2ee6098129f0098dc252,rec_43d212cc278f3fa7f39d,D:\INFANT CRY\data_set_dbl_split\train\discomfort\2128_M_heh.wav,discomfort/2128_M_heh.wav,baby,train,final_refit,pitch_shift,"{""steps"":1.841287}",18,5546551910089366501,virtual:aug_2ee6098129f0098dc252
aug_03eb33311fe870ee7c62,rec_18bf1cb37095850480ee,D:\INFANT CRY\data_set_dbl_split\train\tired\1434_M_owh.wav,tired/1434_M_owh.wav,baby,train,final_refit,pitch_shift,"{""steps"":-1.902499}",19,9237513431697586056,virtual:aug_03eb33311fe870ee7c62
aug_b5d6981bfbe3a0c0fe5b,rec_565dd3342f1ac221607e,D:\INFANT CRY\data_set_dbl_split\train\burping\392_M_eh.wav,burping/392_M_eh.wav,baby,train,final_refit,time_stretch,"{""rate"":1.182103}",20,18344917424179829022,virtual:aug_b5d6981bfbe3a0c0fe5b
aug_4386f6f5fb805db5ea41,rec_80aa4905086476d9ee4e,D:\INFANT CRY\data_set_dbl_split\train\burping\3368_M_eh.wav,burping/3368_M_eh.wav,baby,train,final_refit,time_stretch,"{""rate"":0.809545}",21,8618335498744695057,virtual:aug_4386f6f5fb805db5ea41
aug_4868e338fad7f8175649,rec_3a4f0fe4fd6a0cff506f,D:\INFANT CRY\data_set_dbl_split\train\tired\503_F_owh.wav,tired/503_F_owh.wav,baby,train,final_refit,gaussian_noise,"{""noise_factor"":0.004871925}",22,112643987480753116,virtual:aug_4868e338fad7f8175649
aug_c677ba2d5ae8e519a6fc,rec_8d606ae504c4a0515c0a,D:\INFANT CRY\data_set_dbl_split\train\tired\3223_M_owh.wav,tired/3223_M_owh.wav,baby,train,final_refit,pitch_shift,"{""steps"":0.942964}",23,6024372679695833677,virtual:aug_c677ba2d5ae8e519a6fc
aug_98207d039fff9f21a16b,rec_3ca5af599f5e2d718692,D:\INFANT CRY\data_set_dbl_split\train\hungry\303_F_neh.wav,hungry/303_F_neh.wav,baby,train,final_refit,pitch_shift,"{""steps"":-1.076652}",24,8229456806732563642,virtual:aug_98207d039fff9f21a16b
aug_c50f060627f9d0650e7c,rec_824fade1ae528dc5209e,D:\INFANT CRY\data_set_dbl_split\train\tired\3832_M_owh.wav,tired/3832_M_owh.wav,baby,train,final_refit,time_stretch,"{""rate"":1.108991}",25,10729754822760353727,virtual:aug_c50f060627f9d0650e7c
aug_d4d8777a8181b07c8088,rec_88affcb3e287f0433132,D:\INFANT CRY\data_set_dbl_split\train\burping\1717_F_eh.wav,burping/1717_F_eh.wav,baby,train,final_refit,time_stretch,"{""rate"":0.90312}",26,5100330239675862267,virtual:aug_d4d8777a8181b07c8088
aug_1cea6056325a6aeeda4d,rec_86e990c657f137ebbf87,D:\INFANT CRY\data_set_dbl_split\train\belly_pain\dunstan-eairh_20.wav,belly_pain/dunstan-eairh_20.wav,baby,train,final_refit,time_shift,"{""fraction"":-0.053292}",27,3025198656443374101,virtual:aug_1cea6056325a6aeeda4d
aug_da107360b9e3553c96bd,rec_6a6e66f89a8a4d5d6593,D:\INFANT CRY\data_set_dbl_split\train\hungry\4908_M_neh.wav,hungry/4908_M_neh.wav,baby,train,final_refit,gaussian_noise,"{""noise_factor"":0.002784362}",28,15679240827535084593,virtual:aug_da107360b9e3553c96bd
aug_afa67844badab229f4fd,rec_e28be47a3f49c072a427,D:\INFANT CRY\data_set_dbl_split\train\belly_pain\dunstan-eairh_8.wav,belly_pain/dunstan-eairh_8.wav,baby,train,final_refit,pitch_shift,"{""steps"":2.009942}",29,214761964553685647,virtual:aug_afa67844badab229f4fd
aug_f9fdd6e5a246d5842bbf,rec_75255312c2aae67afa1a,D:\INFANT CRY\data_set_dbl_split\train\hungry\2331_M_neh.wav,hungry/2331_M_neh.wav,baby,train,final_refit,pitch_shift,"{""steps"":-1.856468}",30,15196056532629990640,virtual:aug_f9fdd6e5a246d5842bbf
aug_3c4eb90af10c7ba90b99,rec_a24e5a4c484b184c3af7,D:\INFANT CRY\data_set_dbl_split\train\burping\2164_M_eh.wav,burping/2164_M_eh.wav,baby,train,final_refit,time_stretch,"{""rate"":1.183074}",31,15534678115399822276,virtual:aug_3c4eb90af10c7ba90b99
aug_9c397185f11853c195cb,rec_319780f53524cae3ddb4,D:\INFANT CRY\data_set_dbl_split\train\tired\3990_M_owh.wav,tired/3990_M_owh.wav,baby,train,final_refit,time_stretch,"{""rate"":0.788101}",32,12748993834038616659,virtual:aug_9c397185f11853c195cb
aug_675bd96afa78ba624967,rec_fd0b9206b80f3b29add1,D:\INFANT CRY\data_set_dbl_split\train\tired\1329_M_owh.wav,tired/1329_M_owh.wav,baby,train,final_refit,gaussian_noise,"{""noise_factor"":0.004445419}",33,14350973144231140891,virtual:aug_675bd96afa78ba624967
aug_3f4919067e1e8a103f0e,rec_fba775c7ee6d938c4a28,D:\INFANT CRY\data_set_dbl_split\train\belly_pain\2566_M_eairh.wav,belly_pain/2566_M_eairh.wav,baby,train,final_refit,pitch_shift,"{""steps"":1.044821}",34,7389403132654148978,virtual:aug_3f4919067e1e8a103f0e
aug_b4c0fc93f0483226ba06,rec_2f1866a231731af201e0,D:\INFANT CRY\data_set_dbl_split\train\tired\2450_M_owh.wav,tired/2450_M_owh.wav,baby,train,final_refit,pitch_shift,"{""steps"":-0.958304}",35,14858175185545556412,virtual:aug_b4c0fc93f0483226ba06
aug_d985dd395bb415c2ba91,rec_7b7948d30dc8ee511ce2,D:\INFANT CRY\data_set_dbl_split\train\burping\1772_M_eh.wav,burping/1772_M_eh.wav,baby,train,final_refit,time_stretch,"{""rate"":1.121221}",36,9688404725024717502,virtual:aug_d985dd395bb415c2ba91
aug_cc5959e5f544b3656af4,rec_21c73c50b6ee66a0d921,D:\INFANT CRY\data_set_dbl_split\train\tired\2589_M_owh.wav,tired/2589_M_owh.wav,baby,train,final_refit,time_stretch,"{""rate"":0.906214}",37,3277343046492687134,virtual:aug_cc5959e5f544b3656af4
aug_926f29121d09fd062eba,rec_ebd08ea16ea698c45306,D:\INFANT CRY\data_set_dbl_split\train\tired\223_M_owh.wav,tired/223_M_owh.wav,baby,train,final_refit,time_shift,"{""fraction"":-0.0981146}",38,4076046511739635370,virtual:aug_926f29121d09fd062eba
aug_a8202cd0c9d078459481,rec_140b1e6ddb47674a64fc,D:\INFANT CRY\data_set_dbl_split\train\tired\866_M_owh.wav,tired/866_M_owh.wav,baby,train,final_refit,gaussian_noise,"{""noise_factor"":0.002194603}",39,11628988262170461776,virtual:aug_a8202cd0c9d078459481
aug_22a242efc736e5598193,rec_8c8c6149d8b72a83e73f,D:\INFANT CRY\data_set_dbl_split\train\tired\731_M_owh.wav,tired/731_M_owh.wav,baby,train,final_refit,pitch_shift,"{""steps"":1.95577}",40,9264723178404058576,virtual:aug_22a242efc736e5598193
aug_6e985138a35d1372e23d,rec_e2c02ee3ff7bc71fc059,D:\INFANT CRY\data_set_dbl_split\train\tired\4426_M_owh.wav,tired/4426_M_owh.wav,baby,train,final_refit,pitch_shift,"{""steps"":-2.136472}",41,12968338589685732280,virtual:aug_6e985138a35d1372e23d
aug_10fbfd38cc8b666b6275,rec_e6d5a53ef5c2a42cae1f,D:\INFANT CRY\data_set_dbl_split\train\belly_pain\dunstan-eairh_59.wav,belly_pain/dunstan-eairh_59.wav,baby,train,final_refit,time_stretch,"{""rate"":1.204952}",42,18230217555220999105,virtual:aug_10fbfd38cc8b666b6275
aug_18950ea8b25268ffe79c,rec_c20da6d7a956a73d1bd5,D:\INFANT CRY\data_set_dbl_split\train\tired\dunstan-owh_36.wav,tired/dunstan-owh_36.wav,baby,train,final_refit,time_stretch,"{""rate"":0.814066}",43,16377272798305931177,virtual:aug_18950ea8b25268ffe79c
aug_b0650a2d0ecf0ee725d6,rec_8507dc9189bc37ede147,D:\INFANT CRY\data_set_dbl_split\train\tired\2279_M_owh.wav,tired/2279_M_owh.wav,baby,train,final_refit,gaussian_noise,"{""noise_factor"":0.005080432}",44,13798090896700909401,virtual:aug_b0650a2d0ecf0ee725d6
aug_0d936b7a36720bb1cefd,rec_60d4a3b0d92ddce6aa04,D:\INFANT CRY\data_set_dbl_split\train\discomfort\2345_M_heh.wav,discomfort/2345_M_heh.wav,baby,train,final_refit,pitch_shift,"{""steps"":0.839457}",45,8692250667894142571,virtual:aug_0d936b7a36720bb1cefd
aug_6d492f7f34f9e2c88bcf,rec_8c0c8f04ded4a4ce7a12,D:\INFANT CRY\data_set_dbl_split\train\burping\1999_M_eh.wav,burping/1999_M_eh.wav,baby,train,final_refit,pitch_shift,"{""steps"":-0.911859}",46,6842884047558529305,virtual:aug_6d492f7f34f9e2c88bcf
aug_5a2eb9a0463e9171a806,rec_43eaba8491ee96931502,D:\INFANT CRY\data_set_dbl_split\train\tired\1652_M_owh.wav,tired/1652_M_owh.wav,baby,train,final_refit,time_stretch,"{""rate"":1.108219}",47,2080015182370588971,virtual:aug_5a2eb9a0463e9171a806
aug_6e45840f2a655477a35d,rec_545a14847418aadce545,D:\INFANT CRY\data_set_dbl_split\train\discomfort\4253_M_heh.wav,discomfort/4253_M_heh.wav,baby,train,final_refit,time_stretch,"{""rate"":0.919828}",48,309077793404336748,virtual:aug_6e45840f2a655477a35d
aug_d285dfdd20e3a5fb2576,rec_779a15db4f4658575d1e,D:\INFANT CRY\data_set_dbl_split\train\tired\4750_M_owh.wav,tired/4750_M_owh.wav,baby,train,final_refit,time_shift,"{""fraction"":-0.0760939}",49,928729806124389320,virtual:aug_d285dfdd20e3a5fb2576
aug_40ae8f8010f5d0a431be,rec_bf373fe9b30b0dd92527,D:\INFANT CRY\data_set_dbl_split\train\belly_pain\407_M_eairh.wav,belly_pain/407_M_eairh.wav,baby,train,final_refit,gaussian_noise,"{""noise_factor"":0.002858151}",50,327020517507645717,virtual:aug_40ae8f8010f5d0a431be
aug_329625189dfef9b15198,rec_048ba98d01f4f76692ca,D:\INFANT CRY\data_set_dbl_split\train\tired\3544_M_owh.wav,tired/3544_M_owh.wav,baby,train,final_refit,pitch_shift,"{""steps"":1.835599}",51,4537699643840160811,virtual:aug_329625189dfef9b15198
aug_4c82f98bb9961250530f,rec_34bfab5d0ccf9bb47126,D:\INFANT CRY\data_set_dbl_split\train\tired\4662_M_owh.wav,tired/4662_M_owh.wav,baby,train,final_refit,pitch_shift,"{""steps"":-1.879389}",52,781197127997801197,virtual:aug_4c82f98bb9961250530f
aug_ff2b4a3677aa0fa97e2a,rec_e3f5a660e3b815100438,D:\INFANT CRY\data_set_dbl_split\train\burping\3350_M_eh.wav,burping/3350_M_eh.wav,baby,train,final_refit,time_stretch,"{""rate"":1.199315}",53,8064821291000666030,virtual:aug_ff2b4a3677aa0fa97e2a
aug_ce9543ae66744dfda98c,rec_755d79cdfd94584a1189,D:\INFANT CRY\data_set_dbl_split\train\tired\2828_M_owh.wav,tired/2828_M_owh.wav,baby,train,final_refit,time_stretch,"{""rate"":0.821014}",54,1946039384493153665,virtual:aug_ce9543ae66744dfda98c
aug_fe5016897c15e26530e9,rec_97abc6fb120e8165a753,D:\INFANT CRY\data_set_dbl_split\train\tired\1645_M_owh.wav,tired/1645_M_owh.wav,baby,train,final_refit,gaussian_noise,"{""noise_factor"":0.005554333}",55,15590984912899388482,virtual:aug_fe5016897c15e26530e9
aug_e757f61cc2abf30ce729,rec_9a989ed48e3e18f22982,D:\INFANT CRY\data_set_dbl_split\train\hungry\dunstan-neh_70.wav,hungry/dunstan-neh_70.wav,baby,train,final_refit,pitch_shift,"{""steps"":0.934268}",56,2869953841385996962,virtual:aug_e757f61cc2abf30ce729
aug_ab959dcb40217539b1a9,rec_e7a69b40f07f5ababf95,D:\INFANT CRY\data_set_dbl_split\train\tired\3878_M_owh.wav,tired/3878_M_owh.wav,baby,train,final_refit,pitch_shift,"{""steps"":-1.093424}",57,15282168517289066287,virtual:aug_ab959dcb40217539b1a9
aug_3a24665717fe3d72b4d8,rec_1062d47347e6b23f7cf2,D:\INFANT CRY\data_set_dbl_split\train\tired\2524_M_owh.wav,tired/2524_M_owh.wav,baby,train,final_refit,time_stretch,"{""rate"":1.091134}",58,8049708465139602465,virtual:aug_3a24665717fe3d72b4d8
aug_0d813556883e5fd6b861,rec_7e95604e128c80eeb3c1,D:\INFANT CRY\data_set_dbl_split\train\tired\438_M_owh.wav,tired/438_M_owh.wav,baby,train,final_refit,time_stretch,"{""rate"":0.90503}",59,852157960260394031,virtual:aug_0d813556883e5fd6b861
aug_4ed7b413074d568fe635,rec_128d70a0e7297dbf40fb,D:\INFANT CRY\data_set_dbl_split\train\tired\4997_M_owh.wav,tired/4997_M_owh.wav,baby,train,final_refit,time_shift,"{""fraction"":0.0044668}",60,3101118046463191055,virtual:aug_4ed7b413074d568fe635
aug_ddf17bff80c5c6678e1d,rec_ceac2fde6c166b8a7465,D:\INFANT CRY\data_set_dbl_split\train\tired\1777_M_owh.wav,tired/1777_M_owh.wav,baby,train,final_refit,gaussian_noise,"{""noise_factor"":0.002357038}",61,5764959310728247719,virtual:aug_ddf17bff80c5c6678e1d
aug_0e55233899b317770b50,rec_cbccd8fd251b87fe11d5,D:\INFANT CRY\data_set_dbl_split\train\hungry\dunstan-neh_62.wav,hungry/dunstan-neh_62.wav,baby,train,final_refit,pitch_shift,"{""steps"":2.193252}",62,343455391308914759,virtual:aug_0e55233899b317770b50
aug_2fce4042a811cff4608a,rec_116a54085a97e5e34e00,D:\INFANT CRY\data_set_dbl_split\train\tired\4380_M_owh.wav,tired/4380_M_owh.wav,baby,train,final_refit,pitch_shift,"{""steps"":-1.893505}",63,12686808763827034130,virtual:aug_2fce4042a811cff4608a
aug_94017b88b58329d32345,rec_46944c0538596aeac65b,D:\INFANT CRY\data_set_dbl_split\train\hungry\1508_M_neh.wav,hungry/1508_M_neh.wav,baby,train,final_refit,time_stretch,"{""rate"":1.218549}",64,17995770285796795958,virtual:aug_94017b88b58329d32345
aug_c95361af4d9eac37cf3b,rec_d29795646338e698d6c0,D:\INFANT CRY\data_set_dbl_split\train\discomfort\2416_M_heh.wav,discomfort/2416_M_heh.wav,baby,train,final_refit,time_stretch,"{""rate"":0.814865}",65,12578590466408189812,virtual:aug_c95361af4d9eac37cf3b
aug_6f5b4d8e30159d589328,rec_f7ce84e2d9609f099bf9,D:\INFANT CRY\data_set_dbl_split\train\tired\1407_M_owh.wav,tired/1407_M_owh.wav,baby,train,final_refit,gaussian_noise,"{""noise_factor"":0.004792972}",66,7987666127160130862,virtual:aug_6f5b4d8e30159d589328
aug_458be1b7cedd7b032333,rec_2084932d77d010ec825f,D:\INFANT CRY\data_set_dbl_split\train\tired\3965_M_owh.wav,tired/3965_M_owh.wav,baby,train,final_refit,pitch_shift,"{""steps"":1.112152}",67,2507101136677315621,virtual:aug_458be1b7cedd7b032333
aug_1128348d11f10c8477ae,rec_5106fcf6ddf390f7140b,D:\INFANT CRY\data_set_dbl_split\train\tired\3649_M_owh.wav,tired/3649_M_owh.wav,baby,train,final_refit,pitch_shift,"{""steps"":-1.154999}",68,3071267111908851589,virtual:aug_1128348d11f10c8477ae
aug_dc2f329f61ce6a5cd0d6,rec_5a00ca260f8129914b9f,D:\INFANT CRY\data_set_dbl_split\train\tired\3457_M_owh.wav,tired/3457_M_owh.wav,baby,train,final_refit,time_stretch,"{""rate"":1.085134}",69,9394503178593457867,virtual:aug_dc2f329f61ce6a5cd0d6
aug_29019e88dde3ae37f7ff,rec_f4d28e0fc9542a590b34,D:\INFANT CRY\data_set_dbl_split\train\discomfort\3844_M_heh.wav,discomfort/3844_M_heh.wav,baby,train,final_refit,time_stretch,"{""rate"":0.883519}",70,10917427763256596808,virtual:aug_29019e88dde3ae37f7ff
aug_41ce7d7ff5533a0fd367,rec_6d343491c6f14803a68d,D:\INFANT CRY\data_set_dbl_split\train\tired\3209_M_owh.wav,tired/3209_M_owh.wav,baby,train,final_refit,time_shift,"{""fraction"":-0.0311437}",71,13850807104177144117,virtual:aug_41ce7d7ff5533a0fd367
aug_c5136fb700635ed931c3,rec_128a836f9d7c0c3800f8,D:\INFANT CRY\data_set_dbl_split\train\discomfort\3009_M_heh.wav,discomfort/3009_M_heh.wav,baby,train,final_refit,gaussian_noise,"{""noise_factor"":0.002182638}",72,12663740506865199031,virtual:aug_c5136fb700635ed931c3
aug_afefd5a747afc4eb3d3c,rec_970de6b0b559a331bcc5,D:\INFANT CRY\data_set_dbl_split\train\discomfort\4977_M_heh.wav,discomfort/4977_M_heh.wav,baby,train,final_refit,pitch_shift,"{""steps"":2.004622}",73,16232154265826779342,virtual:aug_afefd5a747afc4eb3d3c
aug_e290ea8b47550b5fefb1,rec_292be120aac79f3d8aad,D:\INFANT CRY\data_set_dbl_split\train\hungry\458_F_neh.wav,hungry/458_F_neh.wav,baby,train,final_refit,pitch_shift,"{""steps"":-1.991362}",74,9475362622034072539,virtual:aug_e290ea8b47550b5fefb1
aug_7e5c91a6d390e599e5bf,rec_2fbe8d849db8271b15ba,D:\INFANT CRY\data_set_dbl_split\train\belly_pain\2901_M_eairh.wav,belly_pain/2901_M_eairh.wav,baby,train,final_refit,time_stretch,"{""rate"":1.187127}",75,10826087468753867127,virtual:aug_7e5c91a6d390e599e5bf
aug_fa7ec788fe9d51128674,rec_e5c044e03bcf701cd871,D:\INFANT CRY\data_set_dbl_split\train\tired\2147_M_owh.wav,tired/2147_M_owh.wav,baby,train,final_refit,time_stretch,"{""rate"":0.817167}",76,13427962469682518706,virtual:aug_fa7ec788fe9d51128674
aug_86404f16ce28433e6236,rec_f1ad9019670692fe6b00,D:\INFANT CRY\data_set_dbl_split\train\hungry\926_M_neh.wav,hungry/926_M_neh.wav,baby,train,final_refit,gaussian_noise,"{""noise_factor"":0.005400528}",77,31955827391368548,virtual:aug_86404f16ce28433e6236
aug_aac6fa76ebf00efee5bd,rec_809cdb5395444ae140c5,D:\INFANT CRY\data_set_dbl_split\train\tired\4346_F_owh.wav,tired/4346_F_owh.wav,baby,train,final_refit,pitch_shift,"{""steps"":0.834918}",78,3473770516384626412,virtual:aug_aac6fa76ebf00efee5bd
aug_83551ec8ea7b640e65fd,rec_bc90a552ca4d3a543123,D:\INFANT CRY\data_set_dbl_split\train\tired\2992_M_owh.wav,tired/2992_M_owh.wav,baby,train,final_refit,pitch_shift,"{""steps"":-1.066381}",79,347719237929298935,virtual:aug_83551ec8ea7b640e65fd
aug_a4cd915cd06670513ea2,rec_2b58e61cd1f7b6392733,D:\INFANT CRY\data_set_dbl_split\train\tired\565_M_owh.wav,tired/565_M_owh.wav,baby,train,final_refit,time_stretch,"{""rate"":1.109232}",80,8345621857076518023,virtual:aug_a4cd915cd06670513ea2
aug_39dc719263de2e7917c4,rec_d0301a50570032ee57e5,D:\INFANT CRY\data_set_dbl_split\train\tired\1629_F_owh.wav,tired/1629_F_owh.wav,baby,train,final_refit,time_stretch,"{""rate"":0.88614}",81,9447258553484874418,virtual:aug_39dc719263de2e7917c4
aug_39c9ec1dfa03b9e89ad4,rec_1a94772b4370c02dfd42,D:\INFANT CRY\data_set_dbl_split\train\tired\792_M_owh.wav,tired/792_M_owh.wav,baby,train,final_refit,time_shift,"{""fraction"":0.0402739}",82,14920360566041978859,virtual:aug_39c9ec1dfa03b9e89ad4
aug_daab4891556f67f93d63,rec_dc2883d8ee245da07d43,D:\INFANT CRY\data_set_dbl_split\train\belly_pain\2243_M_eairh.wav,belly_pain/2243_M_eairh.wav,baby,train,final_refit,gaussian_noise,"{""noise_factor"":0.002720835}",83,10426315106348555899,virtual:aug_daab4891556f67f93d63
aug_4d974c620a9d99fb42ed,rec_7c9fa2018ccd9fa62207,D:\INFANT CRY\data_set_dbl_split\train\belly_pain\3492_F_eairh.wav,belly_pain/3492_F_eairh.wav,baby,train,final_refit,pitch_shift,"{""steps"":2.192067}",84,11611777260566235225,virtual:aug_4d974c620a9d99fb42ed
aug_a512e897496eda649f98,rec_6648c1af441391d2b314,D:\INFANT CRY\data_set_dbl_split\train\tired\2759_M_owh.wav,tired/2759_M_owh.wav,baby,train,final_refit,pitch_shift,"{""steps"":-2.087217}",85,4988383317965579643,virtual:aug_a512e897496eda649f98
aug_bf7a59f5cfaa1d08b3af,rec_583b16956c6c814d67fe,D:\INFANT CRY\data_set_dbl_split\train\burping\3033_M_eh.wav,burping/3033_M_eh.wav,baby,train,final_refit,time_stretch,"{""rate"":1.180593}",86,10517236309683483944,virtual:aug_bf7a59f5cfaa1d08b3af
aug_6eda9ded6206ba5d4f9c,rec_f122e9e8ac714a180a7a,D:\INFANT CRY\data_set_dbl_split\train\tired\2819_M_owh.wav,tired/2819_M_owh.wav,baby,train,final_refit,time_stretch,"{""rate"":0.799878}",87,15160479529935880009,virtual:aug_6eda9ded6206ba5d4f9c
aug_936496ba5884df8bf4ac,rec_2d7b26e538714292eb4a,D:\INFANT CRY\data_set_dbl_split\train\tired\4467_M_owh.wav,tired/4467_M_owh.wav,baby,train,final_refit,gaussian_noise,"{""noise_factor"":0.005293244}",88,10060480336227225619,virtual:aug_936496ba5884df8bf4ac
aug_69c8fe016adbc13d06ee,rec_dabc4e82a87f09753719,D:\INFANT CRY\data_set_dbl_split\train\hungry\dunstan-neh_36.wav,hungry/dunstan-neh_36.wav,baby,train,final_refit,pitch_shift,"{""steps"":1.158688}",89,1205478556805102428,virtual:aug_69c8fe016adbc13d06ee
aug_9487aa7d0b51970ae41f,rec_db04a08c8cb045de0940,D:\INFANT CRY\data_set_dbl_split\train\belly_pain\4896_M_eairh.wav,belly_pain/4896_M_eairh.wav,baby,train,final_refit,pitch_shift,"{""steps"":-1.096549}",90,2615181910598524129,virtual:aug_9487aa7d0b51970ae41f
aug_8f3a8aa4a21fd1535b2d,rec_340664eb0492fc2ddab1,D:\INFANT CRY\data_set_dbl_split\train\tired\2290_M_owh.wav,tired/2290_M_owh.wav,baby,train,final_refit,time_stretch,"{""rate"":1.102559}",91,6467297215471731736,virtual:aug_8f3a8aa4a21fd1535b2d
aug_0eb2ee372145b29ca2d5,rec_5e616febd7607606dade,D:\INFANT CRY\data_set_dbl_split\train\tired\2232_M_owh.wav,tired/2232_M_owh.wav,baby,train,final_refit,time_stretch,"{""rate"":0.909081}",92,11451757198345032965,virtual:aug_0eb2ee372145b29ca2d5
aug_250c8c14f7511aabaa19,rec_bc25d1ebb8434b66682a,D:\INFANT CRY\data_set_dbl_split\train\belly_pain\2293_F_eairh.wav,belly_pain/2293_F_eairh.wav,baby,train,final_refit,time_shift,"{""fraction"":-0.0281381}",93,16647561751648705027,virtual:aug_250c8c14f7511aabaa19
aug_6eddf4455e94d48bd84f,rec_adebcb991948cd5e3658,D:\INFANT CRY\data_set_dbl_split\train\tired\2607_F_owh.wav,tired/2607_F_owh.wav,baby,train,final_refit,gaussian_noise,"{""noise_factor"":0.002530708}",94,11318586414674740566,virtual:aug_6eddf4455e94d48bd84f
aug_5ccd181db9154bbbcc1f,rec_b4e1323c441bd956089e,D:\INFANT CRY\data_set_dbl_split\train\tired\4103_F_owh.wav,tired/4103_F_owh.wav,baby,train,final_refit,pitch_shift,"{""steps"":2.052817}",95,16470570733926957334,virtual:aug_5ccd181db9154bbbcc1f
aug_9b4ac26dbdc89c90abba,rec_9aea41696fde8eacba64,D:\INFANT CRY\data_set_dbl_split\train\tired\1554_M_owh.wav,tired/1554_M_owh.wav,baby,train,final_refit,pitch_shift,"{""steps"":-1.843751}",96,6102573674733740172,virtual:aug_9b4ac26dbdc89c90abba
aug_e7b991733af3229d1dca,rec_23b5546de1432ceacbfd,D:\INFANT CRY\data_set_dbl_split\train\tired\3631_M_owh.wav,tired/3631_M_owh.wav,baby,train,final_refit,time_stretch,"{""rate"":1.210177}",97,6252212427119896598,virtual:aug_e7b991733af3229d1dca
aug_894f4d8b5b503ec39ccc,rec_693b5660dfb3691e5e4b,D:\INFANT CRY\data_set_dbl_split\train\tired\3338_F_owh.wav,tired/3338_F_owh.wav,baby,train,final_refit,time_stretch,"{""rate"":0.776965}",98,7974012390122199152,virtual:aug_894f4d8b5b503ec39ccc
aug_500b4a9610b68e82b6d1,rec_2d173a763ed8abad8191,D:\INFANT CRY\data_set_dbl_split\train\tired\2098_M_owh.wav,tired/2098_M_owh.wav,baby,train,final_refit,gaussian_noise,"{""noise_factor"":0.004868167}",99,6661757874120117344,virtual:aug_500b4a9610b68e82b6d1
aug_70b6168f48fa3e6fdcf5,rec_b1207cfc484bb3ba4c5b,D:\INFANT CRY\data_set_dbl_split\train\hungry\3541_M_neh.wav,hungry/3541_M_neh.wav,baby,train,final_refit,pitch_shift,"{""steps"":0.994517}",100,8678441600994413625,virtual:aug_70b6168f48fa3e6fdcf5
aug_552f8bdd8788dad2a847,rec_d26e4ae08d86bd6c32fa,D:\INFANT CRY\data_set_dbl_split\train\tired\3231_M_owh.wav,tired/3231_M_owh.wav,baby,train,final_refit,pitch_shift,"{""steps"":-0.90545}",101,18352733608125102725,virtual:aug_552f8bdd8788dad2a847
aug_63a5c01d772df141fd76,rec_1d60bd35a759f5a32057,D:\INFANT CRY\data_set_dbl_split\train\hungry\dunstan-neh_48.wav,hungry/dunstan-neh_48.wav,baby,train,final_refit,time_stretch,"{""rate"":1.099375}",102,2805632815866628865,virtual:aug_63a5c01d772df141fd76
aug_664e67c23b862b872841,rec_4693ab9c0b99847a7b71,D:\INFANT CRY\data_set_dbl_split\train\tired\3001_M_owh.wav,tired/3001_M_owh.wav,baby,train,final_refit,time_stretch,"{""rate"":0.915367}",103,942938181992105092,virtual:aug_664e67c23b862b872841
aug_a26b5a7407292646dc8d,rec_abb08076329044d38a78,D:\INFANT CRY\data_set_dbl_split\train\burping\1899_M_eh.wav,burping/1899_M_eh.wav,baby,train,final_refit,time_shift,"{""fraction"":-0.0560813}",104,15404289175176624140,virtual:aug_a26b5a7407292646dc8d
aug_aef473b4ec26a903929f,rec_1c7e39d96927984d4d6f,D:\INFANT CRY\data_set_dbl_split\train\tired\2886_M_owh.wav,tired/2886_M_owh.wav,baby,train,final_refit,gaussian_noise,"{""noise_factor"":0.002387782}",105,11461188525551530522,virtual:aug_aef473b4ec26a903929f
aug_1a3fc3e921b1bd48cefb,rec_35a8fd627f0a52683c6c,D:\INFANT CRY\data_set_dbl_split\train\hungry\961_M_neh.wav,hungry/961_M_neh.wav,baby,train,final_refit,pitch_shift,"{""steps"":1.842154}",106,14523765795935552056,virtual:aug_1a3fc3e921b1bd48cefb
aug_47e4274c5e55e54de2e3,rec_67cd8ebaa80d4dbd74da,D:\INFANT CRY\data_set_dbl_split\train\hungry\dunstan-neh_56.wav,hungry/dunstan-neh_56.wav,baby,train,final_refit,pitch_shift,"{""steps"":-2.145816}",107,16508435449431015551,virtual:aug_47e4274c5e55e54de2e3
aug_39075041eb7eada2bdcf,rec_b36f237f7b4978acb1db,D:\INFANT CRY\data_set_dbl_split\train\tired\3060_F_owh.wav,tired/3060_F_owh.wav,baby,train,final_refit,time_stretch,"{""rate"":1.18984}",108,9784553622923845829,virtual:aug_39075041eb7eada2bdcf
aug_45e925db2beb7505f4bf,rec_a6c2687f77e0cf79aef3,D:\INFANT CRY\data_set_dbl_split\train\discomfort\3175_F_heh.wav,discomfort/3175_F_heh.wav,baby,train,final_refit,time_stretch,"{""rate"":0.814303}",109,9401331873089462630,virtual:aug_45e925db2beb7505f4bf
aug_c9c254a248c8035087ce,rec_b159b9c31b0ccbc89a85,D:\INFANT CRY\data_set_dbl_split\train\tired\4714_M_owh.wav,tired/4714_M_owh.wav,baby,train,final_refit,gaussian_noise,"{""noise_factor"":0.005055509}",110,18280657850482361803,virtual:aug_c9c254a248c8035087ce
aug_323b29337f49bc52cca3,rec_25f56527dfe9611f6174,D:\INFANT CRY\data_set_dbl_split\train\tired\3531_F_owh.wav,tired/3531_F_owh.wav,baby,train,final_refit,pitch_shift,"{""steps"":0.926947}",111,8157404431335748698,virtual:aug_323b29337f49bc52cca3
aug_97c8b5fa5ad7623098eb,rec_db35c613515374caf95f,D:\INFANT CRY\data_set_dbl_split\train\hungry\dunstan-neh_21.wav,hungry/dunstan-neh_21.wav,baby,train,final_refit,pitch_shift,"{""steps"":-0.921775}",112,1087626623938822794,virtual:aug_97c8b5fa5ad7623098eb
aug_d9d0ff35ada3c4c4e4aa,rec_752d61792b951ffa2071,D:\INFANT CRY\data_set_dbl_split\train\tired\222_M_owh.wav,tired/222_M_owh.wav,baby,train,final_refit,time_stretch,"{""rate"":1.10798}",113,10410285029577503878,virtual:aug_d9d0ff35ada3c4c4e4aa
aug_4c81dbf350de811de377,rec_a6d0fdf0ea8240c81eb7,D:\INFANT CRY\data_set_dbl_split\train\tired\3785_F_owh.wav,tired/3785_F_owh.wav,baby,train,final_refit,time_stretch,"{""rate"":0.916613}",114,11205812105384704077,virtual:aug_4c81dbf350de811de377
aug_86d247f0fb520a7649e3,rec_83f23afa6330fae6181e,D:\INFANT CRY\data_set_dbl_split\train\tired\4896_M_owh.wav,tired/4896_M_owh.wav,baby,train,final_refit,time_shift,"{""fraction"":0.0338948}",115,7410073377992244480,virtual:aug_86d247f0fb520a7649e3
aug_e6b8db653ca26cc44014,rec_260456113c1d376bbc61,D:\INFANT CRY\data_set_dbl_split\train\tired\627_F_owh.wav,tired/627_F_owh.wav,baby,train,final_refit,gaussian_noise,"{""noise_factor"":0.002334957}",116,11259945881552625431,virtual:aug_e6b8db653ca26cc44014
aug_e4d588f35baa240f8aec,rec_afb181f3cad6d35b6e54,D:\INFANT CRY\data_set_dbl_split\train\tired\1671_F_owh.wav,tired/1671_F_owh.wav,baby,train,final_refit,pitch_shift,"{""steps"":1.859168}",117,6390293956394635503,virtual:aug_e4d588f35baa240f8aec
aug_f16d7a45fb8a22385392,rec_f3b17560413168dbbc98,D:\INFANT CRY\data_set_dbl_split\train\belly_pain\1197_M_eairh.wav,belly_pain/1197_M_eairh.wav,baby,train,final_refit,pitch_shift,"{""steps"":-2.169277}",118,14301604065820587515,virtual:aug_f16d7a45fb8a22385392
aug_90211411952b43510035,rec_595c7bd988437435705e,D:\INFANT CRY\data_set_dbl_split\train\burping\3187_M_eh.wav,burping/3187_M_eh.wav,baby,train,final_refit,time_stretch,"{""rate"":1.194008}",119,288247525467791705,virtual:aug_90211411952b43510035
aug_25a5331e8173307a15d6,rec_a7808c9426bea7496f2b,D:\INFANT CRY\data_set_dbl_split\train\tired\3244_M_owh.wav,tired/3244_M_owh.wav,baby,train,final_refit,time_stretch,"{""rate"":0.816615}",120,17938598238329481804,virtual:aug_25a5331e8173307a15d6
aug_cf04e3d9e54d712138de,rec_6681d5bbdbb852f59f6b,D:\INFANT CRY\data_set_dbl_split\train\tired\2609_M_owh.wav,tired/2609_M_owh.wav,baby,train,final_refit,gaussian_noise,"{""noise_factor"":0.004432848}",121,11463605498629078037,virtual:aug_cf04e3d9e54d712138de
aug_8aa22baef55237084e2a,rec_043172ca45e2593c9187,D:\INFANT CRY\data_set_dbl_split\train\burping\894_M_eh.wav,burping/894_M_eh.wav,baby,train,final_refit,pitch_shift,"{""steps"":0.990165}",122,17590781855689937573,virtual:aug_8aa22baef55237084e2a
aug_b8d138b7d79aba36d5bb,rec_3cd4d9b26dd63eaa41a9,D:\INFANT CRY\data_set_dbl_split\train\tired\3604_M_owh.wav,tired/3604_M_owh.wav,baby,train,final_refit,pitch_shift,"{""steps"":-0.986477}",123,10890607557646261798,virtual:aug_b8d138b7d79aba36d5bb
aug_680310290450d6c86eef,rec_d2499f5fa514f271b318,D:\INFANT CRY\data_set_dbl_split\train\tired\4011_M_owh.wav,tired/4011_M_owh.wav,baby,train,final_refit,time_stretch,"{""rate"":1.118947}",124,7734576086243009281,virtual:aug_680310290450d6c86eef
aug_863421e13645e2258242,rec_aafa3341c5fa1ecbe434,D:\INFANT CRY\data_set_dbl_split\train\tired\3689_M_owh.wav,tired/3689_M_owh.wav,baby,train,final_refit,time_stretch,"{""rate"":0.877484}",125,3854708090315845568,virtual:aug_863421e13645e2258242
aug_6c77665eec37401c3ca0,rec_098c528dfdf2bc203c7d,D:\INFANT CRY\data_set_dbl_split\train\tired\2184_F_owh.wav,tired/2184_F_owh.wav,baby,train,final_refit,time_shift,"{""fraction"":0.0557466}",126,12666556717926723644,virtual:aug_6c77665eec37401c3ca0
aug_b5236e442094a963638c,rec_c2d0c914aa634399fe02,D:\INFANT CRY\data_set_dbl_split\train\burping\3681_M_eh.wav,burping/3681_M_eh.wav,baby,train,final_refit,gaussian_noise,"{""noise_factor"":0.002553143}",127,760561105433861812,virtual:aug_b5236e442094a963638c
aug_c8a5d8148d5f19270174,rec_1fe72510e3bd2d618096,D:\INFANT CRY\data_set_dbl_split\train\tired\3481_M_owh.wav,tired/3481_M_owh.wav,baby,train,final_refit,pitch_shift,"{""steps"":1.973014}",128,6222030282865545215,virtual:aug_c8a5d8148d5f19270174
aug_a62e5b6a6ec149580bb2,rec_a87694e9770b4bf5b29c,D:\INFANT CRY\data_set_dbl_split\train\tired\2515_F_owh.wav,tired/2515_F_owh.wav,baby,train,final_refit,pitch_shift,"{""steps"":-1.885131}",129,13148805348061055780,virtual:aug_a62e5b6a6ec149580bb2
aug_baa8f996887732f961be,rec_5c4bc98793403aaca178,D:\INFANT CRY\data_set_dbl_split\train\tired\1723_M_owh.wav,tired/1723_M_owh.wav,baby,train,final_refit,time_stretch,"{""rate"":1.197824}",130,4898660182903695731,virtual:aug_baa8f996887732f961be
aug_5ce4a8495dc2033b848a,rec_a18df63203ea8f412f0b,D:\INFANT CRY\data_set_dbl_split\train\tired\3222_M_owh.wav,tired/3222_M_owh.wav,baby,train,final_refit,time_stretch,"{""rate"":0.806052}",131,11626095632736855505,virtual:aug_5ce4a8495dc2033b848a
aug_ee45a6e097883fec9509,rec_3d5ed19aca9da009e092,D:\INFANT CRY\data_set_dbl_split\train\tired\988_M_owh.wav,tired/988_M_owh.wav,baby,train,final_refit,gaussian_noise,"{""noise_factor"":0.005439771}",132,5927225513409335071,virtual:aug_ee45a6e097883fec9509
aug_74173f147603d5da1b43,rec_d02d1d51fcf5369a63ad,D:\INFANT CRY\data_set_dbl_split\train\tired\1763_M_owh.wav,tired/1763_M_owh.wav,baby,train,final_refit,pitch_shift,"{""steps"":1.083749}",133,14052692355467444374,virtual:aug_74173f147603d5da1b43
aug_cd92eacb9749c907f54c,rec_c644ec26db3f61bd2927,D:\INFANT CRY\data_set_dbl_split\train\tired\3493_M_owh.wav,tired/3493_M_owh.wav,baby,train,final_refit,pitch_shift,"{""steps"":-0.813709}",134,6192196825133771617,virtual:aug_cd92eacb9749c907f54c
aug_3c4551a268e30e23822c,rec_21e4eb802981d3244577,D:\INFANT CRY\data_set_dbl_split\train\tired\dunstan-owh_10.wav,tired/dunstan-owh_10.wav,baby,train,final_refit,time_stretch,"{""rate"":1.088179}",135,4941022382642197177,virtual:aug_3c4551a268e30e23822c
aug_fcc0fdf2aa26ec3e57a2,rec_6078ad0e8ea8a14799ba,D:\INFANT CRY\data_set_dbl_split\train\discomfort\4825_M_heh.wav,discomfort/4825_M_heh.wav,baby,train,final_refit,time_stretch,"{""rate"":0.880731}",136,8154604011604153768,virtual:aug_fcc0fdf2aa26ec3e57a2
aug_9ba6ac08143dc99b7f06,rec_e26abf964087dae92623,D:\INFANT CRY\data_set_dbl_split\train\tired\2991_M_owh.wav,tired/2991_M_owh.wav,baby,train,final_refit,time_shift,"{""fraction"":-0.0125229}",137,15926098339302525649,virtual:aug_9ba6ac08143dc99b7f06
aug_8bb7f06a806ee5248b14,rec_33c9c739e8bde25b2dfe,D:\INFANT CRY\data_set_dbl_split\train\tired\1527_M_owh.wav,tired/1527_M_owh.wav,baby,train,final_refit,gaussian_noise,"{""noise_factor"":0.002251292}",138,16884562437655306854,virtual:aug_8bb7f06a806ee5248b14
aug_c83573669d22245d22c4,rec_aa622ce0d0bae1228e63,D:\INFANT CRY\data_set_dbl_split\train\tired\491_M_owh.wav,tired/491_M_owh.wav,baby,train,final_refit,pitch_shift,"{""steps"":1.864371}",139,8860814968876309292,virtual:aug_c83573669d22245d22c4
aug_7be154885427daef1994,rec_8fb0a7696007be9b34c3,D:\INFANT CRY\data_set_dbl_split\train\hungry\4920_F_neh.wav,hungry/4920_F_neh.wav,baby,train,final_refit,pitch_shift,"{""steps"":-1.892228}",140,3800013465508359344,virtual:aug_7be154885427daef1994
aug_7b689ab14f6b68da838b,rec_3ea9d39bb4edc68fdf50,D:\INFANT CRY\data_set_dbl_split\train\discomfort\3719_M_heh.wav,discomfort/3719_M_heh.wav,baby,train,final_refit,time_stretch,"{""rate"":1.183619}",141,10901332905313854184,virtual:aug_7b689ab14f6b68da838b
aug_2acb80d1274b0d6ebe3d,rec_8a26e0da4af7d57a6c76,D:\INFANT CRY\data_set_dbl_split\train\hungry\4541_M_neh.wav,hungry/4541_M_neh.wav,baby,train,final_refit,time_stretch,"{""rate"":0.814253}",142,17140980482007978781,virtual:aug_2acb80d1274b0d6ebe3d
aug_0d2de895a1abf955f9dc,rec_f727cf87adcf68c78684,D:\INFANT CRY\data_set_dbl_split\train\belly_pain\1248_M_eairh.wav,belly_pain/1248_M_eairh.wav,baby,train,final_refit,gaussian_noise,"{""noise_factor"":0.005285394}",143,18112227521488662665,virtual:aug_0d2de895a1abf955f9dc
aug_9dc8555dc61667a9b9a9,rec_19f421ef58c3bf799ef8,D:\INFANT CRY\data_set_dbl_split\train\hungry\99_M_neh.wav,hungry/99_M_neh.wav,baby,train,final_refit,pitch_shift,"{""steps"":1.0325}",144,1523342938286792105,virtual:aug_9dc8555dc61667a9b9a9
aug_667e19c9a9f8b9765679,rec_0aa9e91ac3fcb2b11225,D:\INFANT CRY\data_set_dbl_split\train\discomfort\4177_M_heh.wav,discomfort/4177_M_heh.wav,baby,train,final_refit,pitch_shift,"{""steps"":-1.133637}",145,1315560691784438849,virtual:aug_667e19c9a9f8b9765679
aug_cc23fc2b1e9412501e20,rec_aad52c19bc1afac39845,D:\INFANT CRY\data_set_dbl_split\train\tired\2913_M_owh.wav,tired/2913_M_owh.wav,baby,train,final_refit,time_stretch,"{""rate"":1.108612}",146,2453393222453506844,virtual:aug_cc23fc2b1e9412501e20
aug_543df05c153f22fcf773,rec_1fc595f5a9fa8e61bb2a,D:\INFANT CRY\data_set_dbl_split\train\tired\4120_M_owh.wav,tired/4120_M_owh.wav,baby,train,final_refit,time_stretch,"{""rate"":0.887315}",147,15452843507085919241,virtual:aug_543df05c153f22fcf773
aug_b20eaeb983b2bd7c08e9,rec_fecba998d290d42023e8,D:\INFANT CRY\data_set_dbl_split\train\discomfort\2928_M_heh.wav,discomfort/2928_M_heh.wav,baby,train,final_refit,time_shift,"{""fraction"":0.0282608}",148,14776788994020877053,virtual:aug_b20eaeb983b2bd7c08e9
aug_2477474f6e4a0a67ea8b,rec_1cf6d615bdb53b7cda0c,D:\INFANT CRY\data_set_dbl_split\train\tired\dunstan-owh_2.wav,tired/dunstan-owh_2.wav,baby,train,final_refit,gaussian_noise,"{""noise_factor"":0.002395057}",149,12174812333492141795,virtual:aug_2477474f6e4a0a67ea8b
aug_39ac835ac8c2fb87912f,rec_9445293072e9382ce647,D:\INFANT CRY\data_set_dbl_split\train\burping\1460_M_eh.wav,burping/1460_M_eh.wav,baby,train,final_refit,pitch_shift,"{""steps"":1.867574}",150,6753582551629053422,virtual:aug_39ac835ac8c2fb87912f
aug_2f40eb77161ae0241361,rec_1e1cf13b4d1b84eb706c,D:\INFANT CRY\data_set_dbl_split\train\discomfort\dunstan-heh_37.wav,discomfort/dunstan-heh_37.wav,baby,train,final_refit,pitch_shift,"{""steps"":-2.087649}",151,7733548093771017082,virtual:aug_2f40eb77161ae0241361
aug_e805d8889deeeecae2a2,rec_0655eee816f825bf3d59,D:\INFANT CRY\data_set_dbl_split\train\discomfort\2814_F_heh.wav,discomfort/2814_F_heh.wav,baby,train,final_refit,time_stretch,"{""rate"":1.20163}",152,14305884103426300906,virtual:aug_e805d8889deeeecae2a2
aug_afd42c6257a334c0f595,rec_92e9caefb5dd99aaa437,D:\INFANT CRY\data_set_dbl_split\train\tired\4709_M_owh.wav,tired/4709_M_owh.wav,baby,train,final_refit,time_stretch,"{""rate"":0.823284}",153,13604979130055812536,virtual:aug_afd42c6257a334c0f595
aug_42ef6db9265f7e85c251,rec_c09f5006c02cc948ec08,D:\INFANT CRY\data_set_dbl_split\train\tired\4002_M_owh.wav,tired/4002_M_owh.wav,baby,train,final_refit,gaussian_noise,"{""noise_factor"":0.004519601}",154,8574808234005735903,virtual:aug_42ef6db9265f7e85c251
aug_8aae858e035630050f04,rec_1ead87a594d0546fc079,D:\INFANT CRY\data_set_dbl_split\train\hungry\dunstan-neh_51.wav,hungry/dunstan-neh_51.wav,baby,train,final_refit,pitch_shift,"{""steps"":0.801506}",155,5613796322395910200,virtual:aug_8aae858e035630050f04
aug_c645d5410aadbaa821c1,rec_af8725fa49b24a73dcd1,D:\INFANT CRY\data_set_dbl_split\train\tired\3606_M_owh.wav,tired/3606_M_owh.wav,baby,train,final_refit,pitch_shift,"{""steps"":-0.94272}",156,7673917935375123898,virtual:aug_c645d5410aadbaa821c1
aug_4370091ff24c89d58fbe,rec_d433c8ac12980d0cc901,D:\INFANT CRY\data_set_dbl_split\train\belly_pain\3619_M_eairh.wav,belly_pain/3619_M_eairh.wav,baby,train,final_refit,time_stretch,"{""rate"":1.077114}",157,12522940272571777951,virtual:aug_4370091ff24c89d58fbe
aug_6e471f567e5c86a3b545,rec_4b4785d5ae74ada7c3ec,D:\INFANT CRY\data_set_dbl_split\train\hungry\dunstan-neh_58.wav,hungry/dunstan-neh_58.wav,baby,train,final_refit,time_stretch,"{""rate"":0.922878}",158,13963134940829535640,virtual:aug_6e471f567e5c86a3b545
aug_2a71783d8971ebf0cd42,rec_c30ffcebec910157af48,D:\INFANT CRY\data_set_dbl_split\train\discomfort\1196_M_heh.wav,discomfort/1196_M_heh.wav,baby,train,final_refit,time_shift,"{""fraction"":0.0146695}",159,1779270930918768510,virtual:aug_2a71783d8971ebf0cd42
aug_dbffe20684a79b986ac0,rec_8d9f61ce303defbfc361,D:\INFANT CRY\data_set_dbl_split\train\discomfort\3409_M_heh.wav,discomfort/3409_M_heh.wav,baby,train,final_refit,gaussian_noise,"{""noise_factor"":0.002179837}",160,12403302459648080134,virtual:aug_dbffe20684a79b986ac0
aug_448776df5599a1382136,rec_bda4e1bc8fb3cf2fe45e,D:\INFANT CRY\data_set_dbl_split\train\tired\4466_M_owh.wav,tired/4466_M_owh.wav,baby,train,final_refit,pitch_shift,"{""steps"":2.03797}",161,5258022978721943348,virtual:aug_448776df5599a1382136
aug_2f0e61e7cc539eaf26b1,rec_ea7d0967f9ac5dec1709,D:\INFANT CRY\data_set_dbl_split\train\hungry\1770_M_neh.wav,hungry/1770_M_neh.wav,baby,train,final_refit,pitch_shift,"{""steps"":-1.993379}",162,2564208210770540418,virtual:aug_2f0e61e7cc539eaf26b1
aug_96e2a4d6b14956a82982,rec_0f7deb66984dba6ba94e,D:\INFANT CRY\data_set_dbl_split\train\tired\3360_M_owh.wav,tired/3360_M_owh.wav,baby,train,final_refit,time_stretch,"{""rate"":1.21552}",163,17522567291442451212,virtual:aug_96e2a4d6b14956a82982
aug_9e7ddc5d1f383e80ec1d,rec_4aeef63044c75c534d96,D:\INFANT CRY\data_set_dbl_split\train\hungry\2514_M_neh.wav,hungry/2514_M_neh.wav,baby,train,final_refit,time_stretch,"{""rate"":0.78283}",164,2711601645992224691,virtual:aug_9e7ddc5d1f383e80ec1d
aug_776410918b72d960a8d9,rec_674a9d5caada9832f371,D:\INFANT CRY\data_set_dbl_split\train\hungry\3830_M_neh.wav,hungry/3830_M_neh.wav,baby,train,final_refit,gaussian_noise,"{""noise_factor"":0.005480677}",165,12061516724536781992,virtual:aug_776410918b72d960a8d9
aug_3ce3df2ecafa6df24bb6,rec_97cf07c2c7b61a716812,D:\INFANT CRY\data_set_dbl_split\train\tired\1713_F_owh.wav,tired/1713_F_owh.wav,baby,train,final_refit,pitch_shift,"{""steps"":1.185453}",166,11362480878182648153,virtual:aug_3ce3df2ecafa6df24bb6
aug_7c709ad7f18721761220,rec_bb84d05c8dfb27a04662,D:\INFANT CRY\data_set_dbl_split\train\discomfort\507_M_heh.wav,discomfort/507_M_heh.wav,baby,train,final_refit,pitch_shift,"{""steps"":-1.148858}",167,14722895209739996168,virtual:aug_7c709ad7f18721761220
aug_0fcd53415d12932b8ef8,rec_c239ca4eec50d9560d65,D:\INFANT CRY\data_set_dbl_split\train\tired\2578_M_owh.wav,tired/2578_M_owh.wav,baby,train,final_refit,time_stretch,"{""rate"":1.084884}",168,11651175294329252124,virtual:aug_0fcd53415d12932b8ef8
aug_3b5c561b2408998a5505,rec_c338c1bd041cd37e7d9e,D:\INFANT CRY\data_set_dbl_split\train\tired\3686_M_owh.wav,tired/3686_M_owh.wav,baby,train,final_refit,time_stretch,"{""rate"":0.890062}",169,4105692910664246570,virtual:aug_3b5c561b2408998a5505
aug_7181b9d1437d33a01196,rec_250efc7c921cf59ce4bd,D:\INFANT CRY\data_set_dbl_split\train\tired\3386_F_owh.wav,tired/3386_F_owh.wav,baby,train,final_refit,time_shift,"{""fraction"":0.0096882}",170,8011363091812048386,virtual:aug_7181b9d1437d33a01196
aug_a7888e1582cf3874e332,rec_bd2fd049120ea1834eaf,D:\INFANT CRY\data_set_dbl_split\train\belly_pain\3306_M_eairh.wav,belly_pain/3306_M_eairh.wav,baby,train,final_refit,gaussian_noise,"{""noise_factor"":0.002310911}",171,6462097670610469206,virtual:aug_a7888e1582cf3874e332
aug_ad3b7775f67176d08a20,rec_db0170c6e9143b76c98f,D:\INFANT CRY\data_set_dbl_split\train\belly_pain\1215_M_eairh.wav,belly_pain/1215_M_eairh.wav,baby,train,final_refit,pitch_shift,"{""steps"":2.013399}",172,7265678976137661615,virtual:aug_ad3b7775f67176d08a20
aug_f5aceae623f1a402a909,rec_32de9e44bf2fa1c66efc,D:\INFANT CRY\data_set_dbl_split\train\tired\dunstan-owh_8.wav,tired/dunstan-owh_8.wav,baby,train,final_refit,pitch_shift,"{""steps"":-2.108271}",173,4401044452606501188,virtual:aug_f5aceae623f1a402a909
aug_9e5a617c100bde61eeeb,rec_95ecc93388c308db3fbd,D:\INFANT CRY\data_set_dbl_split\train\hungry\2219_M_neh.wav,hungry/2219_M_neh.wav,baby,train,final_refit,time_stretch,"{""rate"":1.192797}",174,8535699726509947376,virtual:aug_9e5a617c100bde61eeeb
aug_ae3470e85357c4cca34f,rec_158ce180cdd2526ffa91,D:\INFANT CRY\data_set_dbl_split\train\discomfort\2895_M_heh.wav,discomfort/2895_M_heh.wav,baby,train,final_refit,time_stretch,"{""rate"":0.775912}",175,15601713040772957697,virtual:aug_ae3470e85357c4cca34f
aug_94c6603193f88dd64987,rec_0a00acebe2bbcd663c7c,D:\INFANT CRY\data_set_dbl_split\train\tired\2049_M_owh.wav,tired/2049_M_owh.wav,baby,train,final_refit,gaussian_noise,"{""noise_factor"":0.004577946}",176,10476659933913829226,virtual:aug_94c6603193f88dd64987
aug_86509999b79eb5f5f4bc,rec_50282cf393ad274e3952,D:\INFANT CRY\data_set_dbl_split\train\belly_pain\dunstan-eairh_32.wav,belly_pain/dunstan-eairh_32.wav,baby,train,final_refit,pitch_shift,"{""steps"":1.167758}",177,12689261734609251209,virtual:aug_86509999b79eb5f5f4bc
aug_aef27aec22aa29f551ce,rec_e4598b934b1a48c6adb8,D:\INFANT CRY\data_set_dbl_split\train\burping\4298_F_eh.wav,burping/4298_F_eh.wav,baby,train,final_refit,pitch_shift,"{""steps"":-0.879402}",178,14786538799330865351,virtual:aug_aef27aec22aa29f551ce
aug_db2e87a015196a0db958,rec_9d65a63ce58da021c946,D:\INFANT CRY\data_set_dbl_split\train\burping\45_M_eh.wav,burping/45_M_eh.wav,baby,train,final_refit,time_stretch,"{""rate"":1.089622}",179,2487509165369805530,virtual:aug_db2e87a015196a0db958
aug_5f91d0070448d36d1a7b,rec_af2b5d80db9b39b769a8,D:\INFANT CRY\data_set_dbl_split\train\burping\3675_M_eh.wav,burping/3675_M_eh.wav,baby,train,final_refit,time_stretch,"{""rate"":0.878163}",180,13887092637626112652,virtual:aug_5f91d0070448d36d1a7b
aug_46eb01318167b876e8b5,rec_30dd61c9506d4c0ad6d5,D:\INFANT CRY\data_set_dbl_split\train\hungry\1262_F_neh.wav,hungry/1262_F_neh.wav,baby,train,final_refit,time_shift,"{""fraction"":0.0275544}",181,12058570517742355952,virtual:aug_46eb01318167b876e8b5
aug_4b412e08148a700e33d5,rec_c7455d306ae46d35e2fd,D:\INFANT CRY\data_set_dbl_split\train\burping\3192_M_eh.wav,burping/3192_M_eh.wav,baby,train,final_refit,gaussian_noise,"{""noise_factor"":0.002749477}",182,13293731494721214537,virtual:aug_4b412e08148a700e33d5
aug_cad4e3abf4e05e9306f9,rec_1b0eec91879fb66550c3,D:\INFANT CRY\data_set_dbl_split\train\burping\151_F_eh.wav,burping/151_F_eh.wav,baby,train,final_refit,pitch_shift,"{""steps"":1.87535}",183,1959726549947940650,virtual:aug_cad4e3abf4e05e9306f9
aug_56777aa18d6c23c7008d,rec_9516de195d0ec83f4725,D:\INFANT CRY\data_set_dbl_split\train\belly_pain\3195_M_eairh.wav,belly_pain/3195_M_eairh.wav,baby,train,final_refit,pitch_shift,"{""steps"":-1.960706}",184,3018653136961453053,virtual:aug_56777aa18d6c23c7008d
aug_ed42cbb917abe4d9c1c4,rec_e0b99c082ada88b0aa3b,D:\INFANT CRY\data_set_dbl_split\train\hungry\4806_F_neh.wav,hungry/4806_F_neh.wav,baby,train,final_refit,time_stretch,"{""rate"":1.208991}",185,920319012012548082,virtual:aug_ed42cbb917abe4d9c1c4
aug_07c2e96fb3df2f01c359,rec_85dab9312e9b8aabaa62,D:\INFANT CRY\data_set_dbl_split\train\discomfort\4756_F_heh.wav,discomfort/4756_F_heh.wav,baby,train,final_refit,time_stretch,"{""rate"":0.823832}",186,14743245309452870922,virtual:aug_07c2e96fb3df2f01c359
aug_d4ff08c8418e09391014,rec_98dbc8f48996f1a11dcf,D:\INFANT CRY\data_set_dbl_split\train\burping\739_M_eh.wav,burping/739_M_eh.wav,baby,train,final_refit,gaussian_noise,"{""noise_factor"":0.00506775}",187,3435074150413137998,virtual:aug_d4ff08c8418e09391014
aug_08929658a3903c5c5eb8,rec_d87509cfc191a34d274c,D:\INFANT CRY\data_set_dbl_split\train\burping\4290_M_eh.wav,burping/4290_M_eh.wav,baby,train,final_refit,pitch_shift,"{""steps"":0.95351}",188,18070295165364306794,virtual:aug_08929658a3903c5c5eb8
aug_0d9a1c57b422e54fa0e2,rec_8afa1d21029efff478e7,D:\INFANT CRY\data_set_dbl_split\train\tired\4005_M_owh.wav,tired/4005_M_owh.wav,baby,train,final_refit,pitch_shift,"{""steps"":-1.088564}",189,10467089069249017650,virtual:aug_0d9a1c57b422e54fa0e2
aug_104dd84675bfec17c785,rec_cc7bf851b717582daedd,D:\INFANT CRY\data_set_dbl_split\train\tired\2104_M_owh.wav,tired/2104_M_owh.wav,baby,train,final_refit,time_stretch,"{""rate"":1.116772}",190,17302505277504655998,virtual:aug_104dd84675bfec17c785
aug_9545d86f78626a1692e6,rec_1b733202df78607bb041,D:\INFANT CRY\data_set_dbl_split\train\tired\81_M_owh.wav,tired/81_M_owh.wav,baby,train,final_refit,time_stretch,"{""rate"":0.898489}",191,3452877706633991918,virtual:aug_9545d86f78626a1692e6
aug_ae7eb42758fec0ab7604,rec_410db454b737f8edd207,D:\INFANT CRY\data_set_dbl_split\train\burping\dunstan-eh_36.wav,burping/dunstan-eh_36.wav,baby,train,final_refit,time_shift,"{""fraction"":0.0351515}",192,7155766327658561,virtual:aug_ae7eb42758fec0ab7604
aug_10da55fc00524c5ff433,rec_3827c222ef0b705ce525,D:\INFANT CRY\data_set_dbl_split\train\tired\3095_M_owh.wav,tired/3095_M_owh.wav,baby,train,final_refit,gaussian_noise,"{""noise_factor"":0.002285885}",193,12222226377519604787,virtual:aug_10da55fc00524c5ff433
aug_725db5d5ef5a30c6a2c7,rec_aee0e27f53394dd9463f,D:\INFANT CRY\data_set_dbl_split\train\belly_pain\792_M_eairh.wav,belly_pain/792_M_eairh.wav,baby,train,final_refit,pitch_shift,"{""steps"":1.857868}",194,5504980565572844791,virtual:aug_725db5d5ef5a30c6a2c7
aug_f31a8d4d8faa0c7eaa1b,rec_488a21a4a1921e15174e,D:\INFANT CRY\data_set_dbl_split\train\tired\2203_M_owh.wav,tired/2203_M_owh.wav,baby,train,final_refit,pitch_shift,"{""steps"":-2.109174}",195,13039806486821956460,virtual:aug_f31a8d4d8faa0c7eaa1b
aug_f5ada53b663cda45fffc,rec_33f6d238ac51ca9e5758,D:\INFANT CRY\data_set_dbl_split\train\discomfort\3623_F_heh.wav,discomfort/3623_F_heh.wav,baby,train,final_refit,time_stretch,"{""rate"":1.218137}",196,16185967556639068219,virtual:aug_f5ada53b663cda45fffc
aug_5264401019c1de7a07d9,rec_a86214024c23c1eb4af8,D:\INFANT CRY\data_set_dbl_split\train\tired\179_F_owh.wav,tired/179_F_owh.wav,baby,train,final_refit,time_stretch,"{""rate"":0.786674}",197,17218037124217256332,virtual:aug_5264401019c1de7a07d9
aug_1d92eed53dda9ab1f666,rec_36dc78bde405c4a98143,D:\INFANT CRY\data_set_dbl_split\train\tired\2534_M_owh.wav,tired/2534_M_owh.wav,baby,train,final_refit,gaussian_noise,"{""noise_factor"":0.005059131}",198,18443833256066192941,virtual:aug_1d92eed53dda9ab1f666
aug_0b66b7f5fa1792b103b7,rec_d4bba21d40cf89469609,D:\INFANT CRY\data_set_dbl_split\train\tired\1662_M_owh.wav,tired/1662_M_owh.wav,baby,train,final_refit,pitch_shift,"{""steps"":1.126775}",199,12266979813757528710,virtual:aug_0b66b7f5fa1792b103b7
aug_4d91ce385a1dd9b64859,rec_aa120f51f1874bfc4566,D:\INFANT CRY\data_set_dbl_split\train\hungry\3870_M_neh.wav,hungry/3870_M_neh.wav,baby,train,final_refit,pitch_shift,"{""steps"":-0.851262}",200,16734867480577277381,virtual:aug_4d91ce385a1dd9b64859
aug_2c703c13d1a614b33337,rec_02cdbe8c0204373d3f9c,D:\INFANT CRY\data_set_dbl_split\train\belly_pain\dunstan-eairh_44.wav,belly_pain/dunstan-eairh_44.wav,baby,train,final_refit,time_stretch,"{""rate"":1.117549}",201,4336864349210428243,virtual:aug_2c703c13d1a614b33337
aug_e4e7e6026f3975a84426,rec_40e0b85304686332a5bd,D:\INFANT CRY\data_set_dbl_split\train\tired\303_F_owh.wav,tired/303_F_owh.wav,baby,train,final_refit,time_stretch,"{""rate"":0.89687}",202,5020513711253183969,virtual:aug_e4e7e6026f3975a84426
aug_927e0b056b25bd0f6254,rec_3089f948268829e76e78,D:\INFANT CRY\data_set_dbl_split\train\hungry\4171_F_neh.wav,hungry/4171_F_neh.wav,baby,train,final_refit,time_shift,"{""fraction"":0.0623742}",203,10647059071064924690,virtual:aug_927e0b056b25bd0f6254
aug_0fab6296e8b39159172c,rec_751f261c8b1f00b3e786,D:\INFANT CRY\data_set_dbl_split\train\hungry\4055_M_neh.wav,hungry/4055_M_neh.wav,baby,train,final_refit,gaussian_noise,"{""noise_factor"":0.002863491}",204,8693276924135150088,virtual:aug_0fab6296e8b39159172c
aug_4796de0500587eac1eb0,rec_823255df478a0f9da394,D:\INFANT CRY\data_set_dbl_split\train\discomfort\2948_M_heh.wav,discomfort/2948_M_heh.wav,baby,train,final_refit,pitch_shift,"{""steps"":1.899831}",205,1477890793137702676,virtual:aug_4796de0500587eac1eb0
aug_1a5960a6bcd7ec00d0c3,rec_0bf28df218daf1ccd7d4,D:\INFANT CRY\data_set_dbl_split\train\belly_pain\dunstan-eairh_31.wav,belly_pain/dunstan-eairh_31.wav,baby,train,final_refit,pitch_shift,"{""steps"":-2.162017}",206,12761979156885890667,virtual:aug_1a5960a6bcd7ec00d0c3
aug_a7eae28f88f7fdd0802c,rec_a212ac00d7875487f586,D:\INFANT CRY\data_set_dbl_split\train\tired\1779_F_owh.wav,tired/1779_F_owh.wav,baby,train,final_refit,time_stretch,"{""rate"":1.196705}",207,3278835678338448746,virtual:aug_a7eae28f88f7fdd0802c
aug_37b1ad4fb12df6233c03,rec_180d2118e85a66b32a32,D:\INFANT CRY\data_set_dbl_split\train\burping\805_M_eh.wav,burping/805_M_eh.wav,baby,train,final_refit,time_stretch,"{""rate"":0.818721}",208,7474576527038311342,virtual:aug_37b1ad4fb12df6233c03
aug_8989a2e1d78dfdf2b0f6,rec_0fd521640fdbb5d41b79,D:\INFANT CRY\data_set_dbl_split\train\hungry\4306_F_neh.wav,hungry/4306_F_neh.wav,baby,train,final_refit,gaussian_noise,"{""noise_factor"":0.00456274}",209,2631134571621680025,virtual:aug_8989a2e1d78dfdf2b0f6
aug_5cf50ab85634e2f93be5,rec_ea12ef04f64336c4df74,D:\INFANT CRY\data_set_dbl_split\train\tired\2312_M_owh.wav,tired/2312_M_owh.wav,baby,train,final_refit,pitch_shift,"{""steps"":1.077138}",210,1505224695684198786,virtual:aug_5cf50ab85634e2f93be5
aug_e5eb0b634928f79a34eb,rec_54d53591b959293f3ed9,D:\INFANT CRY\data_set_dbl_split\train\burping\dunstan-eh_5.wav,burping/dunstan-eh_5.wav,baby,train,final_refit,pitch_shift,"{""steps"":-1.030607}",211,9659281926045856666,virtual:aug_e5eb0b634928f79a34eb
aug_09d4e5292e622dc8e2e2,rec_51daa75d6cee602ab3c8,D:\INFANT CRY\data_set_dbl_split\train\discomfort\dunstan-heh_29.wav,discomfort/dunstan-heh_29.wav,baby,train,final_refit,time_stretch,"{""rate"":1.104362}",212,17274541145246771223,virtual:aug_09d4e5292e622dc8e2e2
aug_f31f487cee90ab5ff2b3,rec_c95f02818a4bfa9ef8b9,D:\INFANT CRY\data_set_dbl_split\train\discomfort\4041_M_heh.wav,discomfort/4041_M_heh.wav,baby,train,final_refit,time_stretch,"{""rate"":0.912934}",213,8071505799592611613,virtual:aug_f31f487cee90ab5ff2b3
aug_4ef9d0cb65591f743d77,rec_05a9f456dd74327c3967,D:\INFANT CRY\data_set_dbl_split\train\tired\3546_M_owh.wav,tired/3546_M_owh.wav,baby,train,final_refit,time_shift,"{""fraction"":0.0580944}",214,11282666324250834742,virtual:aug_4ef9d0cb65591f743d77
aug_9569b3f9aaf082be7dad,rec_d8f46d0aefd75c57521d,D:\INFANT CRY\data_set_dbl_split\train\tired\1967_M_owh.wav,tired/1967_M_owh.wav,baby,train,final_refit,gaussian_noise,"{""noise_factor"":0.002603179}",215,15427604603541528056,virtual:aug_9569b3f9aaf082be7dad
aug_62f5efb272fb030f84ac,rec_c02402c6d2a894138d12,D:\INFANT CRY\data_set_dbl_split\train\burping\2563_M_eh.wav,burping/2563_M_eh.wav,baby,train,final_refit,pitch_shift,"{""steps"":2.085203}",216,369070700718680167,virtual:aug_62f5efb272fb030f84ac
aug_97ac978c4c4979b4a1de,rec_11e707cc06b710853ba4,D:\INFANT CRY\data_set_dbl_split\train\tired\4324_F_owh.wav,tired/4324_F_owh.wav,baby,train,final_refit,pitch_shift,"{""steps"":-1.813726}",217,6705947508889200947,virtual:aug_97ac978c4c4979b4a1de
aug_e4ab5a52d55d8480a5a6,rec_8b1d545801964600f8e5,D:\INFANT CRY\data_set_dbl_split\train\burping\534_M_eh.wav,burping/534_M_eh.wav,baby,train,final_refit,time_stretch,"{""rate"":1.220591}",218,11823028058528808657,virtual:aug_e4ab5a52d55d8480a5a6
aug_49df590fce78254e40f9,rec_d01320b5d6d8b4851462,D:\INFANT CRY\data_set_dbl_split\train\tired\3698_M_owh.wav,tired/3698_M_owh.wav,baby,train,final_refit,time_stretch,"{""rate"":0.776405}",219,8443930331772445390,virtual:aug_49df590fce78254e40f9
aug_94a9f99e0222326eef0b,rec_0c6c903753d565dac519,D:\INFANT CRY\data_set_dbl_split\train\belly_pain\3505_M_eairh.wav,belly_pain/3505_M_eairh.wav,baby,train,final_refit,gaussian_noise,"{""noise_factor"":0.005095935}",220,7977672671879118631,virtual:aug_94a9f99e0222326eef0b
aug_686dda235cb3825ca59f,rec_c48dde2faccdf332a004,D:\INFANT CRY\data_set_dbl_split\train\tired\370_F_owh.wav,tired/370_F_owh.wav,baby,train,final_refit,pitch_shift,"{""steps"":0.822921}",221,11487091701264065737,virtual:aug_686dda235cb3825ca59f
aug_5dfca405449ea6522721,rec_722376ba07089a6d9131,D:\INFANT CRY\data_set_dbl_split\train\tired\2295_M_owh.wav,tired/2295_M_owh.wav,baby,train,final_refit,pitch_shift,"{""steps"":-0.805903}",222,12876245605412434158,virtual:aug_5dfca405449ea6522721
aug_126715ba7d25ace57a6f,rec_65c060e8fe9ca260e976,D:\INFANT CRY\data_set_dbl_split\train\tired\4178_M_owh.wav,tired/4178_M_owh.wav,baby,train,final_refit,time_stretch,"{""rate"":1.093172}",223,4285325730978608990,virtual:aug_126715ba7d25ace57a6f
aug_f281ebf3f0c45d63ccc0,rec_321aefb0aa457ba0707e,D:\INFANT CRY\data_set_dbl_split\train\burping\901_M_eh.wav,burping/901_M_eh.wav,baby,train,final_refit,time_stretch,"{""rate"":0.878725}",224,8842280149338495967,virtual:aug_f281ebf3f0c45d63ccc0
aug_2aa75a6f087e5a483e06,rec_d08ebcb453ffbec561de,D:\INFANT CRY\data_set_dbl_split\train\burping\1990_M_eh.wav,burping/1990_M_eh.wav,baby,train,final_refit,time_shift,"{""fraction"":-0.0079588}",225,9514739833842511090,virtual:aug_2aa75a6f087e5a483e06
aug_917932088622b38605b3,rec_999b11113921ddf86a11,D:\INFANT CRY\data_set_dbl_split\train\hungry\4652_M_neh.wav,hungry/4652_M_neh.wav,baby,train,final_refit,gaussian_noise,"{""noise_factor"":0.002270258}",226,9642443391245192511,virtual:aug_917932088622b38605b3
aug_8b5a00c9901dacf421d4,rec_d8deea50d36d9d56286e,D:\INFANT CRY\data_set_dbl_split\train\hungry\851_M_neh.wav,hungry/851_M_neh.wav,baby,train,final_refit,pitch_shift,"{""steps"":1.91065}",227,2579354136124071892,virtual:aug_8b5a00c9901dacf421d4
aug_2ea5b6f2c5a870eaded3,rec_4bf2222acdcc1b555881,D:\INFANT CRY\data_set_dbl_split\train\burping\537_M_eh.wav,burping/537_M_eh.wav,baby,train,final_refit,pitch_shift,"{""steps"":-2.022982}",228,10811131446254857258,virtual:aug_2ea5b6f2c5a870eaded3
aug_7c3831e9a481505eb034,rec_a6ade8e06406d33c9bab,D:\INFANT CRY\data_set_dbl_split\train\tired\640_M_owh.wav,tired/640_M_owh.wav,baby,train,final_refit,time_stretch,"{""rate"":1.207908}",229,11819847303022363257,virtual:aug_7c3831e9a481505eb034
aug_fd9c46f605a7fa3483eb,rec_7d53ec14d0de07ba9f29,D:\INFANT CRY\data_set_dbl_split\train\discomfort\3083_M_heh.wav,discomfort/3083_M_heh.wav,baby,train,final_refit,time_stretch,"{""rate"":0.816894}",230,168592755265905901,virtual:aug_fd9c46f605a7fa3483eb
aug_e280af720bbfcc3a591b,rec_179925449a09539a329f,D:\INFANT CRY\data_set_dbl_split\train\belly_pain\dunstan-eairh_50.wav,belly_pain/dunstan-eairh_50.wav,baby,train,final_refit,gaussian_noise,"{""noise_factor"":0.005287575}",231,3437800246080716572,virtual:aug_e280af720bbfcc3a591b
aug_b6b7fc21f68a44dc65f4,rec_a7a1cff4c1b04c4a0a73,D:\INFANT CRY\data_set_dbl_split\train\discomfort\3992_M_heh.wav,discomfort/3992_M_heh.wav,baby,train,final_refit,pitch_shift,"{""steps"":1.016524}",232,6060160600754188680,virtual:aug_b6b7fc21f68a44dc65f4
aug_7d2db54506061e8e5543,rec_dc44ea25fb28a1a4ec2a,D:\INFANT CRY\data_set_dbl_split\train\tired\4950_M_owh.wav,tired/4950_M_owh.wav,baby,train,final_refit,pitch_shift,"{""steps"":-0.841739}",233,580628681968751083,virtual:aug_7d2db54506061e8e5543
aug_6bbf456c0d621d8d3ced,rec_e55a34a72fedfd7e840d,D:\INFANT CRY\data_set_dbl_split\train\hungry\dunstan-neh_12.wav,hungry/dunstan-neh_12.wav,baby,train,final_refit,time_stretch,"{""rate"":1.119816}",234,3850279134670899930,virtual:aug_6bbf456c0d621d8d3ced
aug_adac4a3a868eb2a997ed,rec_49997b84581d28fe47cf,D:\INFANT CRY\data_set_dbl_split\train\belly_pain\1498_M_eairh.wav,belly_pain/1498_M_eairh.wav,baby,train,final_refit,time_stretch,"{""rate"":0.903692}",235,7554392095899602504,virtual:aug_adac4a3a868eb2a997ed
aug_2ef520e2f441b19b1bb6,rec_25faca337ecb1263e113,D:\INFANT CRY\data_set_dbl_split\train\tired\4010_M_owh.wav,tired/4010_M_owh.wav,baby,train,final_refit,time_shift,"{""fraction"":0.0058589}",236,13696447465848665048,virtual:aug_2ef520e2f441b19b1bb6
aug_d7f22d5e1ebe4372028f,rec_020faabb65976146dcf3,D:\INFANT CRY\data_set_dbl_split\train\belly_pain\2210_M_eairh.wav,belly_pain/2210_M_eairh.wav,baby,train,final_refit,gaussian_noise,"{""noise_factor"":0.002820454}",237,9351989481899902193,virtual:aug_d7f22d5e1ebe4372028f
aug_602e0d24d35138ca2d52,rec_c60e0a539b432d54ee6a,D:\INFANT CRY\data_set_dbl_split\train\tired\203_M_owh.wav,tired/203_M_owh.wav,baby,train,final_refit,pitch_shift,"{""steps"":1.837788}",238,2409234629597213150,virtual:aug_602e0d24d35138ca2d52
aug_c8f1d98e69739acd578e,rec_ffcb5317b070e323f976,D:\INFANT CRY\data_set_dbl_split\train\tired\143_F_owh.wav,tired/143_F_owh.wav,baby,train,final_refit,pitch_shift,"{""steps"":-2.040716}",239,15693164310378226316,virtual:aug_c8f1d98e69739acd578e
aug_be06d7bf61086bfc97b0,rec_ca5f15d2b28002cc6999,D:\INFANT CRY\data_set_dbl_split\train\tired\3283_F_owh.wav,tired/3283_F_owh.wav,baby,train,final_refit,time_stretch,"{""rate"":1.19469}",240,12542912720456135896,virtual:aug_be06d7bf61086bfc97b0
aug_642756da510f6232c702,rec_1eb9fd4af465d3df769d,D:\INFANT CRY\data_set_dbl_split\train\burping\306_M_eh.wav,burping/306_M_eh.wav,baby,train,final_refit,time_stretch,"{""rate"":0.791751}",241,10839007938625488524,virtual:aug_642756da510f6232c702
aug_86668ad0e99c71dd2706,rec_cea741eee726c573f835,D:\INFANT CRY\data_set_dbl_split\train\tired\3039_M_owh.wav,tired/3039_M_owh.wav,baby,train,final_refit,gaussian_noise,"{""noise_factor"":0.004372138}",242,12980557884140240227,virtual:aug_86668ad0e99c71dd2706
aug_ac9f42ffb4d4a4c84d24,rec_71271d173296dd73b1cc,D:\INFANT CRY\data_set_dbl_split\train\belly_pain\dunstan-eairh_49.wav,belly_pain/dunstan-eairh_49.wav,baby,train,final_refit,pitch_shift,"{""steps"":0.981496}",243,5554648135378388032,virtual:aug_ac9f42ffb4d4a4c84d24
aug_2ecd7c7554b8c3e1665b,rec_30cbe93e75857a181f3d,D:\INFANT CRY\data_set_dbl_split\train\burping\128_M_eh.wav,burping/128_M_eh.wav,baby,train,final_refit,pitch_shift,"{""steps"":-0.922676}",244,6282662803648926681,virtual:aug_2ecd7c7554b8c3e1665b
aug_a01b43a62594a5a87555,rec_3612a0206d6b47c69a0b,D:\INFANT CRY\data_set_dbl_split\train\tired\2047_F_owh.wav,tired/2047_F_owh.wav,baby,train,final_refit,time_stretch,"{""rate"":1.090293}",245,16100425298152537204,virtual:aug_a01b43a62594a5a87555
aug_c7104155f991a0bab18a,rec_cd9af9038aec195d62ce,D:\INFANT CRY\data_set_dbl_split\train\tired\2705_F_owh.wav,tired/2705_F_owh.wav,baby,train,final_refit,time_stretch,"{""rate"":0.891477}",246,1472080978515111444,virtual:aug_c7104155f991a0bab18a
aug_59e23b7bb85c088eb6f3,rec_f74a9bf0edfbbeb47c5f,D:\INFANT CRY\data_set_dbl_split\train\tired\2497_M_owh.wav,tired/2497_M_owh.wav,baby,train,final_refit,time_shift,"{""fraction"":0.0117536}",247,3628075824527516221,virtual:aug_59e23b7bb85c088eb6f3
aug_9e7aebbe225ff5fc11ba,rec_cc6172b8bd33735c82c6,D:\INFANT CRY\data_set_dbl_split\train\belly_pain\2819_M_eairh.wav,belly_pain/2819_M_eairh.wav,baby,train,final_refit,gaussian_noise,"{""noise_factor"":0.002762066}",248,2144053492578736549,virtual:aug_9e7aebbe225ff5fc11ba
aug_e5ad44aef94d77c0dab0,rec_ddde6ca071402ae58ddc,D:\INFANT CRY\data_set_dbl_split\train\tired\3135_F_owh.wav,tired/3135_F_owh.wav,baby,train,final_refit,pitch_shift,"{""steps"":1.868475}",249,12504060334141661321,virtual:aug_e5ad44aef94d77c0dab0
aug_43017d77ef187ee576d7,rec_3ceb873c0c1383aaf2d1,D:\INFANT CRY\data_set_dbl_split\train\discomfort\1860_M_heh.wav,discomfort/1860_M_heh.wav,baby,train,final_refit,pitch_shift,"{""steps"":-2.18506}",250,11428070378282722582,virtual:aug_43017d77ef187ee576d7
aug_f484fdae82737ec430e9,rec_9a177e94e657deab253d,D:\INFANT CRY\data_set_dbl_split\train\tired\4194_M_owh.wav,tired/4194_M_owh.wav,baby,train,final_refit,time_stretch,"{""rate"":1.210655}",251,16691143442755622608,virtual:aug_f484fdae82737ec430e9
aug_4320acf20239b645f779,rec_06e84e6f511e879851ca,D:\INFANT CRY\data_set_dbl_split\train\burping\1677_M_eh.wav,burping/1677_M_eh.wav,baby,train,final_refit,time_stretch,"{""rate"":0.810315}",252,4342511119679764784,virtual:aug_4320acf20239b645f779
aug_8dc6ed02bfb16836298c,rec_74009090eeaa4cb18f98,D:\INFANT CRY\data_set_dbl_split\train\tired\1120_M_owh.wav,tired/1120_M_owh.wav,baby,train,final_refit,gaussian_noise,"{""noise_factor"":0.004851394}",253,5437210488671038201,virtual:aug_8dc6ed02bfb16836298c
aug_c9845e75dc3197d71278,rec_8405ff9deb2601ec3688,D:\INFANT CRY\data_set_dbl_split\train\burping\3263_F_eh.wav,burping/3263_F_eh.wav,baby,train,final_refit,pitch_shift,"{""steps"":0.875018}",254,8288435353421774799,virtual:aug_c9845e75dc3197d71278
aug_e87e2f81e7b2a678c6a5,rec_ade3c68b785f0daa2d1c,D:\INFANT CRY\data_set_dbl_split\train\tired\4488_F_owh.wav,tired/4488_F_owh.wav,baby,train,final_refit,pitch_shift,"{""steps"":-1.141107}",255,6805532316084939994,virtual:aug_e87e2f81e7b2a678c6a5
aug_1716f8cdc3a958ec2d78,rec_4f9fc53284b79df94f38,D:\INFANT CRY\data_set_dbl_split\train\tired\1491_M_owh.wav,tired/1491_M_owh.wav,baby,train,final_refit,time_stretch,"{""rate"":1.097555}",256,17476282672241709544,virtual:aug_1716f8cdc3a958ec2d78
aug_ca106b11c77c1a4f1a53,rec_fd54c500166186ce8c7c,D:\INFANT CRY\data_set_dbl_split\train\tired\4256_F_owh.wav,tired/4256_F_owh.wav,baby,train,final_refit,time_stretch,"{""rate"":0.87863}",257,1535883719711852954,virtual:aug_ca106b11c77c1a4f1a53
aug_03e1eb3640150559288c,rec_2303bec8201142fee34f,D:\INFANT CRY\data_set_dbl_split\train\tired\1551_F_owh.wav,tired/1551_F_owh.wav,baby,train,final_refit,time_shift,"{""fraction"":0.0450096}",258,9270754833065817287,virtual:aug_03e1eb3640150559288c
aug_157199308043f8d38824,rec_3be61b78079d39f26682,D:\INFANT CRY\data_set_dbl_split\train\belly_pain\4847_M_eairh.wav,belly_pain/4847_M_eairh.wav,baby,train,final_refit,gaussian_noise,"{""noise_factor"":0.002626289}",259,11129757935411269902,virtual:aug_157199308043f8d38824
aug_350e652bef5edf84092c,rec_0ddf3d9b53d6a320397d,D:\INFANT CRY\data_set_dbl_split\train\belly_pain\3326_F_eairh.wav,belly_pain/3326_F_eairh.wav,baby,train,final_refit,pitch_shift,"{""steps"":2.064146}",260,9498065604494210165,virtual:aug_350e652bef5edf84092c
aug_697984214afc4134511c,rec_aeb79fc9b0c45b64f93c,D:\INFANT CRY\data_set_dbl_split\train\discomfort\4790_M_heh.wav,discomfort/4790_M_heh.wav,baby,train,final_refit,pitch_shift,"{""steps"":-2.025699}",261,11969007904135983266,virtual:aug_697984214afc4134511c
aug_75c8eab357637f37e040,rec_ac7c6723d17cc624863f,D:\INFANT CRY\data_set_dbl_split\train\tired\2439_M_owh.wav,tired/2439_M_owh.wav,baby,train,final_refit,time_stretch,"{""rate"":1.218354}",262,5618323061950499999,virtual:aug_75c8eab357637f37e040
aug_506fb398308c39f4153f,rec_812a143c52108fd80d82,D:\INFANT CRY\data_set_dbl_split\train\burping\2106_M_eh.wav,burping/2106_M_eh.wav,baby,train,final_refit,time_stretch,"{""rate"":0.781626}",263,5520148048994695002,virtual:aug_506fb398308c39f4153f
aug_57955fb788791e1cb025,rec_24d4780f22f304fe4bd6,D:\INFANT CRY\data_set_dbl_split\train\tired\2395_M_owh.wav,tired/2395_M_owh.wav,baby,train,final_refit,gaussian_noise,"{""noise_factor"":0.005060988}",264,2294223859325908709,virtual:aug_57955fb788791e1cb025
aug_1963e10c07d88486f3f3,rec_6284fe6c6602c051762f,D:\INFANT CRY\data_set_dbl_split\train\tired\533_M_owh.wav,tired/533_M_owh.wav,baby,train,final_refit,pitch_shift,"{""steps"":1.058792}",265,4175359207575545729,virtual:aug_1963e10c07d88486f3f3
aug_8622abe0deded262a8e0,rec_0df23d992fca0246997b,D:\INFANT CRY\data_set_dbl_split\train\tired\4921_M_owh.wav,tired/4921_M_owh.wav,baby,train,final_refit,pitch_shift,"{""steps"":-1.005383}",266,11285689183840375887,virtual:aug_8622abe0deded262a8e0
aug_45c1de97e7816bf6a2e5,rec_a61b1c034874488205af,D:\INFANT CRY\data_set_dbl_split\train\burping\801_F_eh.wav,burping/801_F_eh.wav,baby,train,final_refit,time_stretch,"{""rate"":1.100207}",267,3870694733390923504,virtual:aug_45c1de97e7816bf6a2e5
aug_5246aa4d4c8fc8b795c7,rec_27fce64936b1b90d7277,D:\INFANT CRY\data_set_dbl_split\train\burping\dunstan-eh_57.wav,burping/dunstan-eh_57.wav,baby,train,final_refit,time_stretch,"{""rate"":0.903624}",268,16417455686746762518,virtual:aug_5246aa4d4c8fc8b795c7
aug_d8e56891fcbd4c029c3b,rec_8177f9e186a5ddb0be27,D:\INFANT CRY\data_set_dbl_split\train\tired\dunstan-owh_3.wav,tired/dunstan-owh_3.wav,baby,train,final_refit,time_shift,"{""fraction"":-0.0167542}",269,15287760709126682758,virtual:aug_d8e56891fcbd4c029c3b
aug_bb007aaffdec42831379,rec_2e1c8666b4883b69abb9,D:\INFANT CRY\data_set_dbl_split\train\tired\1599_F_owh.wav,tired/1599_F_owh.wav,baby,train,final_refit,gaussian_noise,"{""noise_factor"":0.002489012}",270,10388521499765891119,virtual:aug_bb007aaffdec42831379
aug_94879487650870548b6f,rec_83d386d2bf8c0d85a88c,D:\INFANT CRY\data_set_dbl_split\train\tired\3230_M_owh.wav,tired/3230_M_owh.wav,baby,train,final_refit,pitch_shift,"{""steps"":1.909693}",271,2472756101649919548,virtual:aug_94879487650870548b6f
aug_a7cdb2bdc71277eab1d0,rec_74b7b7b269cccff509b6,D:\INFANT CRY\data_set_dbl_split\train\hungry\3478_M_neh.wav,hungry/3478_M_neh.wav,baby,train,final_refit,pitch_shift,"{""steps"":-2.100841}",272,15724944890331682493,virtual:aug_a7cdb2bdc71277eab1d0
aug_2d418b2f1906e2a8c8df,rec_c54b65ed121bcd33064a,D:\INFANT CRY\data_set_dbl_split\train\hungry\dunstan-neh_33.wav,hungry/dunstan-neh_33.wav,baby,train,final_refit,time_stretch,"{""rate"":1.22478}",273,13928715832197914570,virtual:aug_2d418b2f1906e2a8c8df
aug_d1356d3765e10bd6749d,rec_d07028787b389f82a0b4,D:\INFANT CRY\data_set_dbl_split\train\tired\2768_M_owh.wav,tired/2768_M_owh.wav,baby,train,final_refit,time_stretch,"{""rate"":0.779382}",274,4830520551391376681,virtual:aug_d1356d3765e10bd6749d
aug_a80768f6244c5abe98a6,rec_d9f72db0ab671c11e601,D:\INFANT CRY\data_set_dbl_split\train\hungry\3800_M_neh.wav,hungry/3800_M_neh.wav,baby,train,final_refit,gaussian_noise,"{""noise_factor"":0.004617407}",275,13865865950202993958,virtual:aug_a80768f6244c5abe98a6
aug_9413d09ec7755dd394cf,rec_0ed35a29871754d92c69,D:\INFANT CRY\data_set_dbl_split\train\tired\177_M_owh.wav,tired/177_M_owh.wav,baby,train,final_refit,pitch_shift,"{""steps"":1.034815}",276,9928725690384143019,virtual:aug_9413d09ec7755dd394cf
aug_0a20f5b0c0c6db395f65,rec_f41948bd07dd16eabe09,D:\INFANT CRY\data_set_dbl_split\train\tired\2341_M_owh.wav,tired/2341_M_owh.wav,baby,train,final_refit,pitch_shift,"{""steps"":-1.000769}",277,9532609233859926908,virtual:aug_0a20f5b0c0c6db395f65
aug_4c8cd4eed2baa189c100,rec_122140d62463d7d58e24,D:\INFANT CRY\data_set_dbl_split\train\discomfort\3369_F_heh.wav,discomfort/3369_F_heh.wav,baby,train,final_refit,time_stretch,"{""rate"":1.080901}",278,4355052057682842527,virtual:aug_4c8cd4eed2baa189c100
aug_57405da3aecfbcd52f55,rec_b9167ff33ed6aa5cabea,D:\INFANT CRY\data_set_dbl_split\train\belly_pain\4452_F_eairh.wav,belly_pain/4452_F_eairh.wav,baby,train,final_refit,time_stretch,"{""rate"":0.922412}",279,2691609372467419589,virtual:aug_57405da3aecfbcd52f55
aug_56df0b7afba46be3c575,rec_da2e61468838f77116cd,D:\INFANT CRY\data_set_dbl_split\train\tired\3805_M_owh.wav,tired/3805_M_owh.wav,baby,train,final_refit,time_shift,"{""fraction"":0.0900345}",280,5992162686940274096,virtual:aug_56df0b7afba46be3c575
aug_e3b961505320910d9662,rec_439a9902269ef8598187,D:\INFANT CRY\data_set_dbl_split\train\tired\2716_M_owh.wav,tired/2716_M_owh.wav,baby,train,final_refit,gaussian_noise,"{""noise_factor"":0.002754198}",281,8174844327373572214,virtual:aug_e3b961505320910d9662
aug_e1f70fb61a9f0a6667ac,rec_233d5e27810c8deeabdf,D:\INFANT CRY\data_set_dbl_split\train\tired\1953_M_owh.wav,tired/1953_M_owh.wav,baby,train,final_refit,pitch_shift,"{""steps"":1.944899}",282,1206872891304008186,virtual:aug_e1f70fb61a9f0a6667ac
aug_9e5e62caa6d059242256,rec_76a42152121fc3becc5b,D:\INFANT CRY\data_set_dbl_split\train\discomfort\3729_M_heh.wav,discomfort/3729_M_heh.wav,baby,train,final_refit,pitch_shift,"{""steps"":-1.832721}",283,6320529080290768263,virtual:aug_9e5e62caa6d059242256
aug_d89923513ed3939c3e40,rec_2380e6046e126654f42b,D:\INFANT CRY\data_set_dbl_split\train\tired\636_M_owh.wav,tired/636_M_owh.wav,baby,train,final_refit,time_stretch,"{""rate"":1.220545}",284,9619561095427076862,virtual:aug_d89923513ed3939c3e40
aug_649392432c2b78f1d65d,rec_c65e5c85cd180a5054c4,D:\INFANT CRY\data_set_dbl_split\train\tired\689_F_owh.wav,tired/689_F_owh.wav,baby,train,final_refit,time_stretch,"{""rate"":0.796303}",285,17156763437969664925,virtual:aug_649392432c2b78f1d65d
aug_6b84fd1ea321e39de625,rec_c5e06aded79f647ac036,D:\INFANT CRY\data_set_dbl_split\train\tired\2904_M_owh.wav,tired/2904_M_owh.wav,baby,train,final_refit,gaussian_noise,"{""noise_factor"":0.005107605}",286,2725255903937077587,virtual:aug_6b84fd1ea321e39de625
aug_4c039084245fb568cc78,rec_1f3d7360241859021509,D:\INFANT CRY\data_set_dbl_split\train\discomfort\1192_M_heh.wav,discomfort/1192_M_heh.wav,baby,train,final_refit,pitch_shift,"{""steps"":1.075529}",287,4987466591199549888,virtual:aug_4c039084245fb568cc78
aug_cb882d47c8fcd449348e,rec_ea25176e4c058220773e,D:\INFANT CRY\data_set_dbl_split\train\tired\4378_M_owh.wav,tired/4378_M_owh.wav,baby,train,final_refit,pitch_shift,"{""steps"":-0.896998}",288,1437068150274231487,virtual:aug_cb882d47c8fcd449348e
aug_09ec90ea346889943c3e,rec_cd47bf189e0812ab4c2a,D:\INFANT CRY\data_set_dbl_split\train\belly_pain\844_M_eairh.wav,belly_pain/844_M_eairh.wav,baby,train,final_refit,time_stretch,"{""rate"":1.122274}",289,5109828585860164681,virtual:aug_09ec90ea346889943c3e
aug_369de3775bd9395b25e2,rec_b3908496284bb1bf91bd,D:\INFANT CRY\data_set_dbl_split\train\tired\2577_M_owh.wav,tired/2577_M_owh.wav,baby,train,final_refit,time_stretch,"{""rate"":0.882532}",290,4932285336693186888,virtual:aug_369de3775bd9395b25e2
aug_fb2704919bd976d8f937,rec_a3faf476ef2f1bd092ba,D:\INFANT CRY\data_set_dbl_split\train\tired\1795_M_owh.wav,tired/1795_M_owh.wav,baby,train,final_refit,time_shift,"{""fraction"":-0.026243}",291,18333064867053801608,virtual:aug_fb2704919bd976d8f937
aug_6979f37a8cfd392059d9,rec_259890ff0ea96f64d45f,D:\INFANT CRY\data_set_dbl_split\train\burping\2265_M_eh.wav,burping/2265_M_eh.wav,baby,train,final_refit,gaussian_noise,"{""noise_factor"":0.002141051}",292,11121354805889793032,virtual:aug_6979f37a8cfd392059d9
aug_115af928472007bc8d01,rec_8531260c58ed47ae96f8,D:\INFANT CRY\data_set_dbl_split\train\discomfort\2588_F_heh.wav,discomfort/2588_F_heh.wav,baby,train,final_refit,pitch_shift,"{""steps"":2.075913}",293,14575530215796818135,virtual:aug_115af928472007bc8d01
aug_5040e311a992aae094b5,rec_9a29e2de6a245ee391e5,D:\INFANT CRY\data_set_dbl_split\train\burping\1117_M_eh.wav,burping/1117_M_eh.wav,baby,train,final_refit,pitch_shift,"{""steps"":-2.125006}",294,10256321035888789264,virtual:aug_5040e311a992aae094b5
aug_87ed140a647746f19aff,rec_bd56e50f20a08c95889b,D:\INFANT CRY\data_set_dbl_split\train\burping\dunstan-eh_6.wav,burping/dunstan-eh_6.wav,baby,train,final_refit,time_stretch,"{""rate"":1.209046}",295,11750086336960193220,virtual:aug_87ed140a647746f19aff
aug_6a6de94b3fdf945165cc,rec_9852e0ecf4d7ba755522,D:\INFANT CRY\data_set_dbl_split\train\tired\362_M_owh.wav,tired/362_M_owh.wav,baby,train,final_refit,time_stretch,"{""rate"":0.817914}",296,14266644898470756111,virtual:aug_6a6de94b3fdf945165cc
aug_abe4c8299f70430837c9,rec_cee3339aa4945b0f7472,D:\INFANT CRY\data_set_dbl_split\train\tired\3928_M_owh.wav,tired/3928_M_owh.wav,baby,train,final_refit,gaussian_noise,"{""noise_factor"":0.004726825}",297,2127239422953237163,virtual:aug_abe4c8299f70430837c9
aug_b529777e9a632b0135c1,rec_ab02da40d78c096e65a5,D:\INFANT CRY\data_set_dbl_split\train\tired\4579_M_owh.wav,tired/4579_M_owh.wav,baby,train,final_refit,pitch_shift,"{""steps"":0.822709}",298,8885977683464914578,virtual:aug_b529777e9a632b0135c1
aug_21b5e9d0f5355a0d1984,rec_e232f46722fc0102a29f,D:\INFANT CRY\data_set_dbl_split\train\tired\3337_M_owh.wav,tired/3337_M_owh.wav,baby,train,final_refit,pitch_shift,"{""steps"":-0.810359}",299,14174351935899359831,virtual:aug_21b5e9d0f5355a0d1984
aug_504dc0705340c023938a,rec_7beed2f33fe7b4e9f141,D:\INFANT CRY\data_set_dbl_split\train\tired\1989_M_owh.wav,tired/1989_M_owh.wav,baby,train,final_refit,time_stretch,"{""rate"":1.102816}",300,12446711980411076999,virtual:aug_504dc0705340c023938a
aug_09eaea170d7d6a03d99b,rec_cd6ec618a07ea9574302,D:\INFANT CRY\data_set_dbl_split\train\belly_pain\2994_M_eairh.wav,belly_pain/2994_M_eairh.wav,baby,train,final_refit,time_stretch,"{""rate"":0.912211}",301,15302950622424998148,virtual:aug_09eaea170d7d6a03d99b
aug_9e203fe64734b9ca906d,rec_5a31135cf8c6114428e6,D:\INFANT CRY\data_set_dbl_split\train\tired\3555_M_owh.wav,tired/3555_M_owh.wav,baby,train,final_refit,time_shift,"{""fraction"":0.0600829}",302,2977475859615861820,virtual:aug_9e203fe64734b9ca906d
aug_9a7079fde07967847111,rec_76ee10c04c09a08d27b0,D:\INFANT CRY\data_set_dbl_split\train\tired\2017_M_owh.wav,tired/2017_M_owh.wav,baby,train,final_refit,gaussian_noise,"{""noise_factor"":0.00233937}",303,11499071442614895039,virtual:aug_9a7079fde07967847111
aug_8bf9b67db1d247f5448d,rec_fa1666c430c4c24731a7,D:\INFANT CRY\data_set_dbl_split\train\tired\1725_M_owh.wav,tired/1725_M_owh.wav,baby,train,final_refit,pitch_shift,"{""steps"":1.833488}",304,1614541972731072391,virtual:aug_8bf9b67db1d247f5448d
aug_fee836304ea113428e5b,rec_4276b7de08d410c31454,D:\INFANT CRY\data_set_dbl_split\train\tired\921_M_owh.wav,tired/921_M_owh.wav,baby,train,final_refit,pitch_shift,"{""steps"":-2.14937}",305,4146518432165612473,virtual:aug_fee836304ea113428e5b
aug_ea537792d01b8f76a7a8,rec_774e95ea65e8ccac1202,D:\INFANT CRY\data_set_dbl_split\train\belly_pain\4684_M_eairh.wav,belly_pain/4684_M_eairh.wav,baby,train,final_refit,time_stretch,"{""rate"":1.186613}",306,6021115266011910914,virtual:aug_ea537792d01b8f76a7a8
aug_0ee294f913c0e39c5be5,rec_76d86ebe51c4717b2eef,D:\INFANT CRY\data_set_dbl_split\train\burping\3332_M_eh.wav,burping/3332_M_eh.wav,baby,train,final_refit,time_stretch,"{""rate"":0.784117}",307,15915982630953891467,virtual:aug_0ee294f913c0e39c5be5
aug_6ac8ece64e25135db5b1,rec_72f731ddb6a072d3ab85,D:\INFANT CRY\data_set_dbl_split\train\hungry\964_M_neh.wav,hungry/964_M_neh.wav,baby,train,final_refit,gaussian_noise,"{""noise_factor"":0.005644032}",308,3720124369331592563,virtual:aug_6ac8ece64e25135db5b1
aug_483d747b41b5f0e16690,rec_9bc21230f02ca1056bac,D:\INFANT CRY\data_set_dbl_split\train\burping\4881_M_eh.wav,burping/4881_M_eh.wav,baby,train,final_refit,pitch_shift,"{""steps"":0.979089}",309,827820459578631883,virtual:aug_483d747b41b5f0e16690
aug_d6c1d50addb0cd5f86db,rec_fbef8f5e2003e3f7e55d,D:\INFANT CRY\data_set_dbl_split\train\burping\3163_F_eh.wav,burping/3163_F_eh.wav,baby,train,final_refit,pitch_shift,"{""steps"":-0.90241}",310,15610902329524530877,virtual:aug_d6c1d50addb0cd5f86db
aug_ff176537ae8ccc075c23,rec_7d086653c18267b4889e,D:\INFANT CRY\data_set_dbl_split\train\tired\2723_F_owh.wav,tired/2723_F_owh.wav,baby,train,final_refit,time_stretch,"{""rate"":1.102611}",311,15485832671185408527,virtual:aug_ff176537ae8ccc075c23
aug_3067febc17ab74414530,rec_c03e13db9fc0f11f1b58,D:\INFANT CRY\data_set_dbl_split\train\tired\2089_M_owh.wav,tired/2089_M_owh.wav,baby,train,final_refit,time_stretch,"{""rate"":0.899239}",312,4318948006551607975,virtual:aug_3067febc17ab74414530
aug_d1fac1ba915be77b3e81,rec_81c98f329bf4d0cca973,D:\INFANT CRY\data_set_dbl_split\train\tired\34_M_owh.wav,tired/34_M_owh.wav,baby,train,final_refit,time_shift,"{""fraction"":0.0790009}",313,10789597928620269684,virtual:aug_d1fac1ba915be77b3e81
aug_e56e4e77b44ac892c7d0,rec_db0d984635fb9d6ef729,D:\INFANT CRY\data_set_dbl_split\train\discomfort\dunstan-heh_10.wav,discomfort/dunstan-heh_10.wav,baby,train,final_refit,gaussian_noise,"{""noise_factor"":0.002591446}",314,10928152674373143925,virtual:aug_e56e4e77b44ac892c7d0
aug_58baeef3d59150cdcf29,rec_1bbceca863aee49901ac,D:\INFANT CRY\data_set_dbl_split\train\burping\1661_M_eh.wav,burping/1661_M_eh.wav,baby,train,final_refit,pitch_shift,"{""steps"":2.03864}",315,2047588551140034289,virtual:aug_58baeef3d59150cdcf29
aug_0a83267fd9c6a6354619,rec_9362bfdd724c2e4f3f5f,D:\INFANT CRY\data_set_dbl_split\train\discomfort\dunstan-heh_21.wav,discomfort/dunstan-heh_21.wav,baby,train,final_refit,pitch_shift,"{""steps"":-1.867146}",316,2249322065856236524,virtual:aug_0a83267fd9c6a6354619
aug_06d305cb8f3df26af548,rec_45acf6d12a71c4b85dfc,D:\INFANT CRY\data_set_dbl_split\train\belly_pain\dunstan-eairh_33.wav,belly_pain/dunstan-eairh_33.wav,baby,train,final_refit,time_stretch,"{""rate"":1.2191}",317,7294772335607534878,virtual:aug_06d305cb8f3df26af548
aug_8998980031b9e2f427e2,rec_cf8492163aee5801b3b9,D:\INFANT CRY\data_set_dbl_split\train\tired\3284_M_owh.wav,tired/3284_M_owh.wav,baby,train,final_refit,time_stretch,"{""rate"":0.802147}",318,17690214934008038699,virtual:aug_8998980031b9e2f427e2
aug_39843ae7265620b5e224,rec_3dad8401d5cae0a8a2e7,D:\INFANT CRY\data_set_dbl_split\train\tired\4408_M_owh.wav,tired/4408_M_owh.wav,baby,train,final_refit,gaussian_noise,"{""noise_factor"":0.005252621}",319,787604608811557312,virtual:aug_39843ae7265620b5e224
aug_1f6ddec9661d89ca2007,rec_71a7c45341ab66e94da9,D:\INFANT CRY\data_set_dbl_split\train\tired\633_M_owh.wav,tired/633_M_owh.wav,baby,train,final_refit,pitch_shift,"{""steps"":0.942532}",320,687112131966766607,virtual:aug_1f6ddec9661d89ca2007
aug_07c2924ab36ed15c6056,rec_c64fbb96929b07a4346a,D:\INFANT CRY\data_set_dbl_split\train\tired\1379_M_owh.wav,tired/1379_M_owh.wav,baby,train,final_refit,pitch_shift,"{""steps"":-0.829204}",321,4441295442806215469,virtual:aug_07c2924ab36ed15c6056
aug_1a73f9b1a19d51e158a5,rec_7bfbf6df11a5121ca4c9,D:\INFANT CRY\data_set_dbl_split\train\belly_pain\934_M_eairh.wav,belly_pain/934_M_eairh.wav,baby,train,final_refit,time_stretch,"{""rate"":1.091753}",322,13985538347211236048,virtual:aug_1a73f9b1a19d51e158a5
aug_6014c62c53aa4bf93b6e,rec_594bbc1f38e295987e89,D:\INFANT CRY\data_set_dbl_split\train\tired\4417_M_owh.wav,tired/4417_M_owh.wav,baby,train,final_refit,time_stretch,"{""rate"":0.881718}",323,6549804050745794797,virtual:aug_6014c62c53aa4bf93b6e
aug_62cd9b6b72ac00934bcb,rec_70f517087780892f3d8a,D:\INFANT CRY\data_set_dbl_split\train\tired\613_M_owh.wav,tired/613_M_owh.wav,baby,train,final_refit,time_shift,"{""fraction"":-0.0592895}",324,1523610484625888257,virtual:aug_62cd9b6b72ac00934bcb
aug_70459468202acb61010b,rec_27340d45ad612cfb12c4,D:\INFANT CRY\data_set_dbl_split\train\burping\2170_M_eh.wav,burping/2170_M_eh.wav,baby,train,final_refit,gaussian_noise,"{""noise_factor"":0.002469454}",325,694953025831959099,virtual:aug_70459468202acb61010b
aug_82d8410418ef073070e2,rec_f5e1b15d65ce873732bc,D:\INFANT CRY\data_set_dbl_split\train\tired\3621_M_owh.wav,tired/3621_M_owh.wav,baby,train,final_refit,pitch_shift,"{""steps"":1.800998}",326,17314279101470255503,virtual:aug_82d8410418ef073070e2
aug_ddace47720d937e61c5f,rec_29ecf264fe494eea58fb,D:\INFANT CRY\data_set_dbl_split\train\discomfort\3984_F_heh.wav,discomfort/3984_F_heh.wav,baby,train,final_refit,pitch_shift,"{""steps"":-2.191754}",327,6685929800242013587,virtual:aug_ddace47720d937e61c5f
aug_5e9abd87328eba96a34d,rec_4540c986f8cce2bafa2c,D:\INFANT CRY\data_set_dbl_split\train\belly_pain\1554_M_eairh.wav,belly_pain/1554_M_eairh.wav,baby,train,final_refit,time_stretch,"{""rate"":1.175467}",328,7222019325058402975,virtual:aug_5e9abd87328eba96a34d
aug_c4a55b3d7689f8e89cd8,rec_d9b715561d9eec5d8809,D:\INFANT CRY\data_set_dbl_split\train\hungry\754_M_neh.wav,hungry/754_M_neh.wav,baby,train,final_refit,time_stretch,"{""rate"":0.792365}",329,15900860295002066689,virtual:aug_c4a55b3d7689f8e89cd8
aug_4be0039d537f276c9ef0,rec_535c552a0776b718850f,D:\INFANT CRY\data_set_dbl_split\train\discomfort\1266_M_heh.wav,discomfort/1266_M_heh.wav,baby,train,final_refit,gaussian_noise,"{""noise_factor"":0.004878173}",330,715698680998656156,virtual:aug_4be0039d537f276c9ef0
aug_9eba17c5b9a7e4b6b91c,rec_f0170dc3dba7d07ebbdf,D:\INFANT CRY\data_set_dbl_split\train\tired\2463_M_owh.wav,tired/2463_M_owh.wav,baby,train,final_refit,pitch_shift,"{""steps"":1.197936}",331,5723938562878216928,virtual:aug_9eba17c5b9a7e4b6b91c
aug_83c7245f8b4b57a61c05,rec_c7ab84dc1e25a511f089,D:\INFANT CRY\data_set_dbl_split\train\belly_pain\3054_M_eairh.wav,belly_pain/3054_M_eairh.wav,baby,train,final_refit,pitch_shift,"{""steps"":-1.092493}",332,3638026731740597611,virtual:aug_83c7245f8b4b57a61c05
aug_67fc2ccf572aa9857527,rec_ba52e0a6338d8ae240d8,D:\INFANT CRY\data_set_dbl_split\train\belly_pain\dunstan-eairh_19.wav,belly_pain/dunstan-eairh_19.wav,baby,train,final_refit,time_stretch,"{""rate"":1.121372}",333,5495949258054463243,virtual:aug_67fc2ccf572aa9857527
aug_57fa7871276611682d52,rec_3f575de91dd2ee55abf2,D:\INFANT CRY\data_set_dbl_split\train\tired\235_M_owh.wav,tired/235_M_owh.wav,baby,train,final_refit,time_stretch,"{""rate"":0.877782}",334,15120662683736018845,virtual:aug_57fa7871276611682d52
aug_977fc1b28ccb6da0883b,rec_4405bc872ad0df61a8ea,D:\INFANT CRY\data_set_dbl_split\train\tired\2022_M_owh.wav,tired/2022_M_owh.wav,baby,train,final_refit,time_shift,"{""fraction"":0.0493899}",335,8926541769070972504,virtual:aug_977fc1b28ccb6da0883b
